逢坂,1,1,34.0515082762608,131.195045113564,逢坂,U34,,
逢坂,1,2,34.0515438330401,131.194503307343,逢坂,U34,,
赤崎神社,2,1,33.9597323173579,131.176350465278,赤崎神社,S17,,
赤崎神社,2,2,33.9597197579113,131.176133090935,赤崎神社,S17,,
赤崎神社,2,3,33.9597323619906,131.177331220578,赤崎神社,S17,,
赤崎神社,2,4,33.9593920941948,131.177115943462,赤崎神社,S17,,
明石被服前,3,1,34.0050983444932,131.21022105217,明石被服前,U26,,
明石被服前,3,2,34.0050005100548,131.210231781006,明石被服前,U26,,
厚狭駅,4,1,34.0544194411197,131.160444617271,厚狭駅,S65,,
厚狭警察署前,5,1,34.0571882918281,131.17275595665,厚狭警察署前,S66,,
厚狭警察署前,5,2,34.0580015947765,131.173308491707,厚狭警察署前,S66,,
厚狭本町,6,1,34.0537261063293,131.169144188762,厚狭本町,S63,,
厚狭本町,6,2,34.0538827715238,131.168606344849,厚狭本町,S63,,
厚狭郵便局前,7,1,34.0548366646183,131.162688926152,厚狭郵便局前,S64,,
厚狭郵便局前,7,2,34.0549583310478,131.162806944008,厚狭郵便局前,S64,,
荒草,8,1,34.0417384686443,131.172627210617,荒草,S59,,
荒草,8,2,34.0418273708815,131.17237508297,荒草,S59,,
有帆,9,1,34.0198940257747,131.204217802124,有帆,S45,,
有帆,9,2,34.0199923807134,131.20409581998,有帆,S45,,
有帆小前,10,1,34.0182328033475,131.202497223407,有帆小前,S42,,
有帆小前,10,2,34.0183400524454,131.202318798141,有帆小前,S42,,
石井手,11,1,34.0120354387631,131.193532347679,石井手,S40,,
石井手,11,2,34.0124845516492,131.194009780884,石井手,S40,,
鵜ノ島,12,1,33.9635350655586,131.236624717712,鵜ノ島,U19,,
鵜ノ島,12,2,33.9632681120643,131.236919760704,鵜ノ島,U19,,
宇部駅,13,1,34.0029681865395,131.221534609795,宇部駅,U9,,
宇部市役所,14,1,33.9513166525636,131.246473789215,宇部市役所,U25,,
宇部市役所,14,2,33.9511297575958,131.246355772018,宇部市役所,U25,,
宇部新川駅前,15,1,33.9579867173786,131.242096424103,宇部新川駅前,U23,,
宇部中央,16,1,33.9542402475279,131.24395927663,宇部中央,U24,,
宇部中央,16,2,33.9540905612597,131.243750064327,宇部中央,U24,,
宇部中央,16,3,33.9542007949076,131.243717180721,宇部中央,U24,,
大野,17,1,34.040756091885,131.212028861046,大野,U4,,
大野,17,2,34.0408672211726,131.212023496628,大野,U4,,
大浜,18,1,33.9505955643054,131.163276449297,大浜,S80,,
大浜,18,2,33.9507854175405,131.162331840837,大浜,S80,,
大浜西口,19,1,33.9571279594833,131.160449981689,大浜西口,S78,,
大浜西口,19,2,33.9574171784636,131.160374879837,大浜西口,S78,,
岡崎,20,1,34.0501126573284,131.170851588249,岡崎,S61,,
岡崎,20,2,34.050388228318,131.170862317085,岡崎,S61,,
小野田駅,21,1,34.0072000190733,131.184833594306,小野田駅,S1,,
小野田駅,21,2,34.0073605268273,131.18529516838,小野田駅,S1,,
小野田駅,21,3,34.006832829557,131.18442158372,小野田駅,S1,,
小野田港,22,1,33.9726626281235,131.177004225862,小野田港,S14,,
小野田港,22,2,33.9726198718648,131.17683827877,小野田港,S14,,
香川学園前,23,1,33.9738102771497,131.231876158152,香川学園前,U17,,
香川学園前,23,2,33.9723307032277,131.231764554977,香川学園前,U17,,
叶松団地,24,1,33.9691586838686,131.185947060585,叶松団地,S34,,
上梅田,25,1,33.9757205848741,131.191220283508,上梅田,S38,,
上梅田,25,2,33.9755115021073,131.191349029541,上梅田,S38,,
刈屋,28,1,33.9612436903068,131.162740588188,刈屋,S77,,
刈屋,28,2,33.9613899239082,131.162804264107,刈屋,S77,,
刈屋上条,29,1,33.9622019867642,131.165032360692,刈屋上条,S76,,
刈屋上条,29,2,33.9623087260314,131.164976502222,刈屋上条,S76,,
北叶松,30,1,33.971004965103,131.186456680298,北叶松,S35,,
木戸,31,1,33.9630767953934,131.167482733727,木戸,S75,,
木戸,31,2,33.9632102721405,131.167831420898,木戸,S75,,
記念館前,32,1,33.95760405842,131.246532797813,記念館前,U22,,
記念館前,32,2,33.957453033408,131.246133650878,記念館前,U22,,
きらら交流館,33,1,33.9455093978009,131.167976260185,きらら交流館,S81,,
きらら交流館,33,2,33.9464617248744,131.167246699333,きらら交流館,S81,,
際波台,34,1,34.0016918456822,131.203016638756,際波台,U29,,
際波台東口,35,1,34.0035774203505,131.206747124896,際波台東口,U27,,
際波台東口,35,2,34.0034351361501,131.2069272995,際波台東口,U27,,
楴山,36,1,34.0098342013302,131.189655623442,楴山,S39,,
楴山,36,2,34.0095770094893,131.189165711403,楴山,S39,,
楴山西,37,1,34.0095319253563,131.18073284626,楴山西,S49,,
楴山西,37,2,34.009972156722,131.180491447449,楴山西,S49,,
楴山西,37,3,34.0112528203666,131.18179500103,楴山西,S49,,
楴山西,37,4,34.0110393777175,131.181365847588,楴山西,S49,,
蔵本,38,1,34.0114129023534,131.204266548157,蔵本,S47,,
蔵本,38,2,34.011301734307,131.204153895378,蔵本,S47,,
公園通,39,1,33.9790702958612,131.177562475204,公園通,S13,,
公園通,39,2,33.9791637120668,131.177433729172,公園通,S13,,
公園通,39,3,33.9778603227339,131.177959442139,公園通,S13,,
公園前,40,1,34.0025162606448,131.205261647371,公園前,U28,,
公園前,40,2,34.0025768382349,131.205811500549,公園前,U28,,
鴻城高校入口,41,1,34.0033906647586,131.217007040977,鴻城高校入口,U8,,
鴻城高校入口,41,2,34.0030838121574,131.217591762543,鴻城高校入口,U8,,
厚南市民センター,42,1,33.9931094485302,131.218778581335,厚南市民センター,U11,,
厚南市民センター,42,2,33.9931266869081,131.218587677896,厚南市民センター,U11,,
厚南鍋倉,43,1,33.9979071815447,131.220311522484,厚南鍋倉,U10,,
厚南鍋倉,43,2,33.997457990389,131.220064759254,厚南鍋倉,U10,,
小松原,44,1,33.9609844829432,131.241021091423,小松原,U20,,
小松原,44,2,33.9609072362229,131.240880800416,小松原,U20,,
ゴルフセンター前,45,1,34.0357212653431,131.175641313814,ゴルフセンター前,U58,,
ゴルフセンター前,45,2,34.0368664807582,131.174756884575,ゴルフセンター前,U58,,
迫条,46,1,34.0059655133789,131.213407516479,迫条,U7,,
迫条,46,2,34.0058454438408,131.213455796242,迫条,U7,,
サンパークおのだ,47,1,33.9854757514874,131.172342896461,サンパークおのだ,S9,,
山陽小野田市民病院,48,1,33.9982813682895,131.17699454597,山陽小野田市民病院,S4,,
児童公園口,49,1,34.0160905385641,131.180314071786,児童公園口,S54,,
島通り,50,1,33.9595173323625,131.243641376495,島通り,U21,,
島通り,50,2,33.9596285674532,131.243137121201,島通り,U21,,
市民病院入口,51,1,33.9983074471362,131.180475354195,市民病院入口,S3,,
市民病院入口,51,2,33.9996283120783,131.180942058563,市民病院入口,S3,,
市民病院入口,51,3,33.9989834485283,131.18027150631,市民病院入口,S3,,
下田橋,52,1,34.0373510239544,131.208525896072,下田橋,U5,,
下田橋,52,2,34.0386268293277,131.209019422531,下田橋,U5,,
市役所前,53,1,34.0035863388811,131.182873249054,市役所前,S2,,
市役所前,53,2,34.0030259993485,131.182470917702,市役所前,S2,,
新川,54,1,34.0452989331054,131.209582686424,新川,U32,,
新川,54,2,34.0453700520323,131.20989382267,新川,U32,,
新地,55,1,33.98163253532,131.216652989388,新地,U13,,
新地,55,2,33.9821663268348,131.216524243355,新地,U13,,
神明町,56,1,33.9376216548727,131.177819500999,神明町,S26,,
神明町,56,2,33.9376258309274,131.177699967929,神明町,S26,,
水神町,58,1,33.9636196008317,131.171457767487,水神町,S74,,
水神町,58,2,33.9636818899804,131.171141266823,水神町,S74,,
須恵小前,59,1,33.9716767350879,131.180040836334,須恵小前,S33,,
須恵小前,59,2,33.9715699636996,131.180035471916,須恵小前,S33,,
スポーツセンター前,60,1,33.9892387292787,131.172723770142,スポーツセンター前,S8,,
スポーツセンター前,60,2,33.9901950161264,131.173126101494,スポーツセンター前,S8,,
銭ヶ原,61,1,34.047636934664,131.203590631485,銭ヶ原,U33,,
銭ヶ原,61,2,34.0479446873368,131.203215235987,銭ヶ原,U33,,
杣尻,62,1,34.046312371372,131.171114444733,杣尻,S60,,
杣尻,62,2,34.0472591255047,131.170637011528,杣尻,S60,,
大和団地前,63,1,34.00877151714,131.207517385483,大和団地前,U6,,
大和団地前,63,2,34.0085313877213,131.207597851753,大和団地前,U6,,
田尻,64,1,34.0238227527689,131.205334067345,田尻,S44,,
田尻,64,2,34.022524494158,131.204733252525,田尻,S44,,
千崎,65,1,34.0227468004401,131.181548237801,千崎,S57,,
千崎,65,2,34.0237560617786,131.180303692818,千崎,S57,,
茶屋,66,1,34.0447127570256,131.218654617048,茶屋,U3,,
茶屋,66,2,34.0446233023456,131.21882557869,茶屋,U3,,
中央市場入口,67,1,33.9757072391656,131.223540902138,中央市場入口,U15,,
中央市場入口,67,2,33.9754091850086,131.224554777145,中央市場入口,U15,,
加藤,68,1,34.0536416592775,131.171585813784,加藤,S62,,
加藤,68,2,34.0537916592775,131.172654035344,加藤,S62,,
加藤,68,3,34.0521522173161,131.172105811146,加藤,S62,,
加藤,68,4,34.0544138856771,131.171961672913,加藤,S62,,
加藤,68,5,34.0534861012388,131.173415780067,加藤,S62,,
千代町,69,1,33.9836119905402,131.177857518196,千代町,S11,,
千代町,69,2,33.9830604174406,131.177718043327,千代町,S11,,
土取,70,1,34.0149968728891,131.203590631485,土取,S46,,
土取,70,2,34.0157438835282,131.203365325928,土取,S46,,
中川通,71,1,33.9886293693525,131.177444458008,中川通,S7,,
中川通,71,2,33.9884559007067,131.177315711975,中川通,S7,,
中州郷,72,1,33.9913292020119,131.217886805534,中州郷,U12,,
中州郷,72,2,33.9907465426813,131.217377185822,中州郷,U12,,
赤目入口,73,1,34.0432275702631,131.220279335976,赤目入口,U2,,
赤目入口,73,2,34.0433609218297,131.220214962959,赤目入口,U2,,
中村,74,1,34.0305671522746,131.207056045532,中村,S43,,
中村,74,2,34.0296913449491,131.206701993942,中村,S43,,
流川,75,1,33.9754225307171,131.1995190382,流川,U31,,
流川,75,2,33.9752356905595,131.199567317963,流川,U31,,
西叶松,76,1,33.9707291390165,131.184048056602,西叶松,S36,,
西の浜,77,1,33.963419385711,131.176151633263,西の浜,S16,,
西の浜,77,2,33.96323696749,131.176130175591,西の浜,S16,,
西の浜,77,3,33.9640823173025,131.174976825714,西の浜,S16,,
西の浜,77,4,33.9641446056171,131.17460668087,西の浜,S16,,
西割,78,1,33.9771752566157,131.208756566048,西割,U30,,
西割,78,2,33.9770106617487,131.208692193031,西割,U30,,
日赤前,79,1,33.9546094781244,131.184471845627,日赤前,S31,,
萩森口,80,1,34.0141297970037,131.196445226669,萩森口,S41,,
萩森口,80,2,34.0140141868856,131.196123361588,萩森口,S41,,
波瀬の崎,81,1,33.95830923815,131.174292512878,波瀬の崎,S18,,
波瀬の崎,81,2,33.9582843326499,131.174162480479,波瀬の崎,S18,,
浜田町,82,1,34.0048982285965,131.197105050087,浜田町,S48,,
浜田町,82,2,34.0044357328611,131.198108196259,浜田町,S48,,
東割,83,1,33.9771307715165,131.217457652092,東割,U14,,
東割,83,2,33.9781138844029,131.216583251953,東割,U14,,
東割,83,3,33.9767259571138,131.216057538986,東割,U14,,
ひばりが丘,84,1,34.0178870596618,131.180056929588,ひばりが丘,S52,,
ひばりが丘中央,85,1,34.0169790180981,131.180210009617,ひばりが丘中央,S53,,
平原,86,1,33.9752178960431,131.228610277176,平原,U16,,
平原,86,2,33.9751066803157,131.228846311569,平原,U16,,
平原口,87,1,34.0110438244394,131.180083751678,平原口,S50,,
平原口,87,2,34.0123122775561,131.180307894527,平原口,S50,,
富士電化前,88,1,34.0538327729621,131.176575422287,富士電化前,S73,,
富士電化前,88,2,34.0539838844573,131.176548600197,富士電化前,S73,,
藤曲,89,1,33.9673879970955,131.231995224953,藤曲,U18,,
藤曲,89,2,33.9669252977235,131.231775283813,藤曲,U18,,
船木,90,1,34.0421518640475,131.223192214966,船木,U1,,
船木,90,2,34.0422263031526,131.223102301608,船木,U1,,
本町,91,1,33.9802980451513,131.177637577057,本町,S12,,
本町,91,2,33.9813522942117,131.177610754967,本町,S12,,
松ヶ瀬,92,1,34.102645805882,131.180239319801,松ヶ瀬,S69,,
松ヶ瀬,92,2,34.1013620796752,131.179799437523,松ヶ瀬,S69,,
松ヶ瀬,92,3,34.1020683749035,131.18072969745,松ヶ瀬,S69,,
松ヶ瀬下,93,1,34.0965601512384,131.180384159088,松ヶ瀬下,S68,,
松ヶ瀬下,93,2,34.0957161218623,131.180738210678,松ヶ瀬下,S68,,
松浜町,94,1,33.9456562534367,131.170459985733,松浜町,S22,,
松浜町,94,2,33.9457676789329,131.170489260194,松浜町,S22,,
丸河内,95,1,33.9779213897803,131.185167236508,丸河内,S37,,
丸河内,95,2,33.9778070494889,131.185599540738,丸河内,S37,,
万福寺,96,1,33.9556350991033,131.175474200718,万福寺,S19,,
万福寺,96,2,33.9556000991033,131.175382772146,万福寺,S19,,
南大浜,97,1,33.9520820219483,131.161233186722,南大浜,S79,,
南大浜,97,2,33.9528963334627,131.160863041878,南大浜,S79,,
南地産団地,98,1,34.0167448891282,131.178306379972,南地産団地,S51,,
南浜河内,99,1,33.9512587062779,131.176902651786,南浜河内,S20,,
南浜河内,99,2,33.9504455273653,131.176980202713,南浜河内,S20,,
美祢駅,100,1,34.1691330084318,131.204481124878,美祢駅,M1,,
美祢駅,100,2,34.1687690575019,131.20493710041,美祢駅,M1,,
美祢警察署前,101,1,34.1671845156496,131.208606362343,美祢警察署前,M3,,
美祢警察署前,101,2,34.167055797831,131.208574175835,美祢警察署前,M3,,
美祢市役所前,102,1,34.1671291665582,131.205831908618,美祢市役所前,M2,,
美祢市役所前,102,2,34.1670025352853,131.205859780312,美祢市役所前,M2,,
目出,103,1,33.994865095529,131.180191040039,目出,S5,,
目出,103,2,33.9946204799273,131.179815530777,目出,S5,,
本山,104,1,33.9362558676522,131.178804804579,本山,S27,,
本山,104,2,33.9361630091442,131.178799672965,本山,S27,,
本山駅,105,1,33.9425677936912,131.173346042633,本山駅,S24,,
本山駅,105,2,33.9424476356689,131.173362135887,本山駅,S24,,
本山口,106,1,33.94143905667,131.17540656249,本山口,S25,,
本山口,106,2,33.9414022982665,131.175300360115,本山口,S25,,
本山小学校前,107,1,33.9469106351088,131.172895781387,本山小学校前,S21,,
本山小学校前,107,2,33.9477912473554,131.173758752953,本山小学校前,S21,,
本山岬,108,1,33.9338046845904,131.180770397186,本山岬,S28,,
焼野,109,1,33.9442388424282,131.169756547236,焼野,S23,,
焼野,109,2,33.9441721410028,131.169635264827,焼野,S23,,
理科大前,113,1,33.9567060276188,131.188105888645,理科大前,S32,,
理科大前,113,2,33.9557663869284,131.187792420387,理科大前,S32,,
竜王町,114,1,33.9664359026447,131.176130175591,竜王町,S15,,
竜王町,114,2,33.9666894982765,131.176092624664,竜王町,S15,,
硫酸町,115,1,33.9909422456525,131.177744865417,硫酸町,S6,,
硫酸町,115,2,33.9912535905135,131.177825331688,硫酸町,S6,,
竜中北口,116,1,33.9586318919853,131.180094480515,竜中北口,S29,,
竜中北口,116,2,33.958516205942,131.180083751678,竜中北口,S29,,
竜中正門前,117,1,33.9567986917003,131.1825299263,竜中正門前,S30,,
竜中正門前,117,2,33.9576752507844,131.181194186211,竜中正門前,S30,,
労災病院,118,1,33.986400942748,131.18391931057,労災病院,S10,,
千崎東,119,1,34.0173935132423,131.18432700634,千崎東,S56,,
千崎東,119,2,34.0173534956073,131.184117794037,千崎東,S56,,
千崎東,119,3,34.0184517479075,131.184042692184,千崎東,S56,,
江の内,120,1,34.0144766273578,131.184445023537,江の内,S55,,
江の内,120,2,34.0153481465071,131.184348464012,江の内,S55,,
江の内,120,3,34.0164969965501,131.18446788068,江の内,S55,,
江汐公園,121,1,34.0325810319867,131.192427277565,江汐公園,T19,,
旦東,124,1,34.0047425813493,131.195610361577,旦東,S82,,
旦東,124,2,34.0048400628972,131.195526765079,旦東,S82,,
長谷（美祢）,126,1,34.1733449740629,131.320534944534,長谷（美祢）,M7,,
長谷（美祢）,126,2,34.17410614194,131.319449326869,長谷（美祢）,M7,,
上十文字,127,1,34.1706269521442,131.32565609933,上十文字,M8,,
上十文字,127,2,34.170544979129,131.325405605938,上十文字,M8,,
下十文字,128,1,34.1682932328076,131.327206183336,下十文字,M9,,
下十文字,128,2,34.1680949791289,131.326971320223,下十文字,M9,,
岩崎,129,1,34.1618490799015,131.334645696624,岩崎,M10,,
岩崎,129,2,34.1616130466927,131.334616446561,岩崎,M10,,
真名市,130,1,34.1578320099683,131.339846849442,真名市,M11,,
真名市,130,2,34.1574003515336,131.340830638466,真名市,M11,,
秋芳まちづくりセンター,131,1,34.2129045429431,131.292661429111,秋芳まちづくりセンター,M24,,
湯の口温泉前,132,1,34.1590749275624,131.346750855446,湯の口温泉前,M12,,
湯の口温泉前,132,2,34.1584667895394,131.345120072365,湯の口温泉前,M12,,
学びの森くすのき,133,1,34.0446899772342,131.224045157433,学びの森くすのき,Uc1,,
学びの森くすのき,133,2,34.0449033340745,131.22435092926,学びの森くすのき,Uc1,,
上船木,134,1,34.0463790444712,131.225788593292,上船木,Uc2,,
上船木,134,2,34.046209572581,131.225755007313,上船木,Uc2,,
宗方温泉前,135,1,34.0505999029752,131.23286950803,宗方温泉前,Uc3,,
宗方温泉前,135,2,34.0505049132485,131.232972713061,宗方温泉前,Uc3,,
神元,137,1,34.0571405044561,131.237565006081,神元,Uc5,,
神元,137,2,34.0571149502419,131.237752295102,神元,Uc5,,
国近,138,1,34.0631606611911,131.240286516021,国近,Uc6,,
国近,138,2,34.0631317690404,131.240512871181,国近,Uc6,,
楠こもれびの郷,139,1,34.0699558251827,131.243968605995,楠こもれびの郷,Uc7,,
下矢矯,140,1,34.0734228147507,131.248138272699,下矢矯,Uc8,,
下矢矯,140,2,34.0733106517019,131.248224104047,下矢矯,Uc8,,
上矢矯,141,1,34.0790486800289,131.255478781346,上矢矯,Uc9,,
上矢矯,141,2,34.0789341431924,131.255600180157,上矢矯,Uc9,,
今富,142,1,34.0867255411692,131.257070963898,今富,Uc10,,
今富,142,2,34.0866228000166,131.257135801865,今富,Uc10,,
芦河内,143,1,34.0901636726347,131.261883779411,芦河内,Uc11,,
芦河内,143,2,34.0901913419352,131.26207001685,芦河内,Uc11,,
船原,144,1,34.0935538345207,131.262837946085,船原,Uc12,,
船原,144,2,34.0936009917071,131.263013921618,船原,Uc12,,
山中,145,1,34.0994947708125,131.264669544645,山中,Uc13,,
山中,145,2,34.0994773680464,131.264838289359,山中,Uc13,,
峠,146,1,34.1066822993713,131.267638167681,峠,Uc14,,
峠,146,2,34.1065506737107,131.267696124038,峠,Uc14,,
長谷,147,1,34.1127433420192,131.272354579753,長谷,Uc15,,
長谷,147,2,34.1123108765612,131.27216398716,長谷,Uc15,,
黒川,148,1,34.1147692069174,131.275232434932,黒川,Uc16,,
黒川,148,2,34.1148602108729,131.275774240494,黒川,Uc16,,
小坂,149,1,34.1184059264668,131.278203505063,小坂,Uc17,,
小坂,149,2,34.1185264253997,131.278357091043,小坂,Uc17,,
大棚,150,1,34.1204567236103,131.278304613528,大棚,Uc18,,
大棚,150,2,34.1207884938612,131.278915456788,大棚,Uc18,,
吉部小学校,151,1,34.123573556407,131.282082796097,吉部小学校,Uc19,,
吉部小学校,151,2,34.1235291482554,131.282302737236,吉部小学校,Uc19,,
宮の前,152,1,34.1255497011179,131.283676028252,宮の前,Uc20,,
宮の前,152,2,34.1255551592069,131.283819351006,宮の前,Uc20,,
吉部,153,1,34.1270296341048,131.285164304057,吉部,Uc21,,
吉部,153,2,34.1269490747407,131.285299463452,吉部,Uc21,,
引野,154,1,34.130119042729,131.292300612973,引野,Uc22,,
引野,154,2,34.1300168257775,131.292231105047,引野,Uc22,,
小松小野,155,1,34.1312158703303,131.296716928482,小松小野,Uc23,,
小松小野,155,2,34.1311083769397,131.296851736689,小松小野,Uc23,,
鍋倉,156,1,34.1363888030704,131.303443908691,鍋倉,Uc24,,
鍋倉,156,2,34.1363411581637,131.303529387534,鍋倉,Uc24,,
下荒滝,157,1,34.1422939979841,131.306834220886,下荒滝,Uc25,,
下荒滝,157,2,34.1422951797249,131.3069384775,下荒滝,Uc25,,
荒滝,158,1,34.145210922174,131.308014392853,荒滝,Uc26,,
荒滝,158,2,34.145169801535,131.308120279764,荒滝,Uc26,,
上荒滝,159,1,34.1480078796644,131.308314800262,上荒滝,Uc27,,
上荒滝,159,2,34.148053528005,131.308411826057,上荒滝,Uc27,,
今小野,160,1,34.1554082682991,131.310884356499,今小野,Uc28,,
今小野,160,2,34.1553006370533,131.310998679915,今小野,Uc28,,
瀬戸,161,1,34.1572371803534,131.315980553627,瀬戸,Uc29,,
大岩郷入口,162,1,34.1207535559642,131.275254941548,大岩郷入口,Uc30,,
大岩郷入口,162,2,34.120829456536,131.275300890618,大岩郷入口,Uc30,,
下藤ケ瀬,163,1,34.1303766251158,131.264809370041,下藤ケ瀬,Uc31,,
下藤ケ瀬,163,2,34.130509838822,131.264932751656,下藤ケ瀬,Uc31,,
中藤ケ瀬,164,1,34.133011982496,131.262007044624,中藤ケ瀬,Uc32,,
中藤ケ瀬,164,2,34.1330866596448,131.262124723162,中藤ケ瀬,Uc32,,
藤ケ瀬,165,1,34.1363799227538,131.257588863373,藤ケ瀬,Uc33,,
促進住宅前,166,1,34.0555127694767,131.233862042427,促進住宅前,Uc34,,
促進住宅前,166,2,34.0539661066343,131.2332290411,促進住宅前,Uc34,,
伏付,167,1,34.061192516778,131.235739588737,伏付,Uc35,,
伏付,167,2,34.0616369265586,131.23619556427,伏付,Uc35,,
万倉,168,1,34.0706812703307,131.241684063649,万倉,Uc36,,
万倉,168,2,34.0707540225664,131.241952634419,万倉,Uc36,,
若者センター前,169,1,34.0736261902076,131.239730715752,若者センター前,Uc37,,
若者センター前,169,2,34.0737328328037,131.239832639694,若者センター前,Uc37,,
中の浴,170,1,34.0778029273636,131.237595677376,中の浴,Uc38,,
中の浴,170,2,34.0776323593917,131.237772234922,中の浴,Uc38,,
伊佐地,171,1,34.0836766684388,131.238883137703,伊佐地,Uc39,,
伊佐地,171,2,34.0830674560218,131.239157889028,伊佐地,Uc39,,
小河内,172,1,34.0877107426036,131.232215166092,小河内,Uc40,,
小河内,172,2,34.0865645164639,131.23399078846,小河内,Uc40,,
白椎の木,173,1,34.1041560450685,131.22256201258,白椎の木,Uc41,,
白椎の木,173,2,34.1044136712142,131.222811341286,白椎の木,Uc41,,
二ツ道祖,174,1,34.1150245387069,131.22219979763,二ツ道祖,Uc42,,
二ツ道祖,174,2,34.1149885063867,131.222415306892,二ツ道祖,Uc42,,
堀越,175,1,34.1276901015918,131.22105717659,堀越,Mc32,,
堀越,175,2,34.1275874117425,131.220821838635,堀越,Mc32,,
厚狭農協前,176,1,34.0556416569633,131.159334182739,厚狭農協前,Sc1,,
厚狭農協前,176,2,34.0562194264859,131.158003807068,厚狭農協前,Sc1,,
山川口,177,1,34.0572905104922,131.153760552406,山川口,Sc2,,
山川口,177,2,34.0575216128846,131.153283119202,山川口,Sc2,,
桜川橋,178,1,34.0515393884651,131.152703762054,桜川橋,Sc3,,
桜川橋,178,2,34.0530994283997,131.152424812317,桜川橋,Sc3,,
文化会館前,179,1,34.0518016183926,131.157537102699,文化会館前,Sc4,,
厚狭駅新幹線口,180,1,34.0531749851614,131.159784793854,厚狭駅新幹線口,Sc5,,
下津,181,1,34.0451522503187,131.153980493546,下津,Sc6,,
下津,181,2,34.044743316489,131.153760552406,下津,Sc6,,
火薬町,182,1,34.0397198064899,131.153477871186,火薬町,Sc7,,
火薬町,182,2,34.0397109301882,131.153337580839,火薬町,Sc7,,
日化前,183,1,34.0369420517154,131.153149008751,日化前,Sc8,,
日化前,183,2,34.0381467379229,131.153159737587,日化前,Sc8,,
石鞘,184,1,34.0340425120363,131.151804172761,石鞘,Sc9,,
石鞘,184,2,34.0340447494469,131.151657817601,石鞘,Sc9,,
鳥越,185,1,34.0299358617049,131.1498016119,鳥越,Sc10,,
鳥越,185,2,34.0300158844532,131.149769425392,鳥越,Sc10,,
渡場,186,1,34.0228890764607,131.147575378418,渡場,Sc11,,
渡場,186,2,34.0241606537861,131.148272752762,渡場,Sc11,,
厚陽中前,187,1,34.0207527207597,131.146018531184,厚陽中前,Sc12,,
厚陽中前,187,2,34.0208066601325,131.145933166765,厚陽中前,Sc12,,
厚陽小前,188,1,34.0182160906081,131.140919535114,厚陽小前,Sc13,,
厚陽小前,188,2,34.0185417822831,131.141133295697,厚陽小前,Sc13,,
厚陽小前,188,3,34.0182288587875,131.140781343973,厚陽小前,Sc13,,
厚陽小前,188,4,34.0186484768509,131.141133996092,厚陽小前,Sc13,,
厚陽小前,188,5,34.0181667960642,131.141049209071,厚陽小前,Sc13,,
厚陽団地,189,1,34.019821208387,131.137704849243,厚陽団地,Sc14,,
沖部,190,1,34.0197545147136,131.13676071167,沖部,Sc15,,
古開作,191,1,34.0165486929065,131.139931082726,古開作,Sc16,,
古開作,191,2,34.016613281841,131.139800820819,古開作,Sc16,,
梶上,192,1,34.0097970936223,131.134818326073,梶上,Sc17,,
梶上,192,2,34.0098386901781,131.134723982157,梶上,Sc17,,
梶浦,193,1,34.0047648167469,131.13425552845,梶浦,Sc18,,
梶浦,193,2,34.004776380645,131.134130398156,梶浦,Sc18,,
梶下,194,1,34.0026035211294,131.133445501328,梶下,Sc19,,
梶下,194,2,34.002614772365,131.133358855161,梶下,Sc19,,
梶汐湯,195,1,33.9987744217821,131.133257746696,梶汐湯,Sc20,,
梶汐湯,195,2,33.9988286051776,131.133139146826,梶汐湯,Sc20,,
生田公会堂,196,1,34.0136495661265,131.116676330566,生田公会堂,Sc21,,
生田公会堂,196,2,34.0136896438208,131.116743269059,生田公会堂,Sc21,,
平松小正寺公会堂,197,1,34.0152369844226,131.115174293518,平松小正寺公会堂,Sc22,,
平松小正寺公会堂,197,2,34.0152970945252,131.115187587831,平松小正寺公会堂,Sc22,,
津布田八幡宮前,198,1,34.0190842481749,131.112268411222,津布田八幡宮前,Sc23,,
津布田八幡宮前,198,2,34.0190892146936,131.112429344423,津布田八幡宮前,Sc23,,
津布田小前,199,1,34.021048368579,131.111226081848,津布田小前,Sc24,,
栗田,200,1,34.0567171921663,131.14326775074,栗田,Sc25,,
栗田,200,2,34.0567883015492,131.144496202469,栗田,Sc25,,
片尾畑,201,1,34.0568016345585,131.135285496712,片尾畑,Sc26,,
片尾畑,201,2,34.0573793960278,131.136530041695,片尾畑,Sc26,,
長友,202,1,34.0550016639268,131.133134365082,長友,Sc27,,
長友,202,2,34.0550905518486,131.133010983467,長友,Sc27,,
山の井,203,1,34.0538238840507,131.131246089935,山の井,Sc28,,
山の井,203,2,34.0536372147621,131.130639910698,山の井,Sc28,,
大道畑,204,1,34.0505615690711,131.126857995987,大道畑,Sc29,,
大道畑,204,2,34.0500193187472,131.125972867012,大道畑,Sc29,,
埴生上市,205,1,34.0384579082779,131.094955801964,埴生上市,Sc30,,
埴生上市,205,2,34.0380711679796,131.095926761627,埴生上市,Sc30,,
埴生,206,1,34.0401782195895,131.089730858803,埴生,Sc31,,
埴生,206,2,34.0400937606749,131.09104514122,埴生,Sc31,,
埴生,206,3,34.0407338660275,131.089961528778,埴生,Sc31,,
青年の家前,207,1,34.041249505922,131.08097076416,青年の家前,Sc32,,
青年の家前,207,2,34.0406671884549,131.08317553997,青年の家前,Sc32,,
東糸根,208,1,34.0422896625152,131.077945232391,東糸根,Sc33,,
東糸根,208,2,34.042231876061,131.078594326973,東糸根,Sc33,,
老人センター,209,1,34.0445788524198,131.077033281326,老人センター,Sc34,,
中村（埴生）,210,1,34.0435059382397,131.0898970387,中村（埴生）,Sc35,,
中村（埴生）,210,2,34.0434020262553,131.090067417668,中村（埴生）,Sc35,,
正寺,211,1,34.0472991288275,131.090240478516,正寺,Sc36,,
正寺,211,2,34.0472324566229,131.090320944786,正寺,Sc36,,
大持口,212,1,34.0503571155173,131.092075109482,大持口,Sc37,,
大持口,212,2,34.0502459981587,131.092144846916,大持口,Sc37,,
下福田,213,1,34.0610280851592,131.100744009018,下福田,Sc38,,
下福田,213,2,34.0609852931692,131.100848032826,下福田,Sc38,,
福田,214,1,34.064348328685,131.102829134696,福田,Sc39,,
福田,214,2,34.064393908419,131.102963945542,福田,Sc39,,
宮の下,215,1,34.0647966036747,131.106317639351,宮の下,Sc40,,
宮の下,215,2,34.0647049212394,131.106265627447,宮の下,Sc40,,
上福田,216,1,34.0697380877778,131.111183166504,上福田,Sc41,,
不動寺原,217,1,34.0608786504206,131.175045047275,不動寺原,Sc42,,
不動寺原,217,2,34.0609325479755,131.174973678224,不動寺原,Sc42,,
清安寺,218,1,34.0631434538795,131.177251338959,清安寺,Sc43,,
清安寺,218,2,34.0632406947401,131.177220903767,清安寺,Sc43,,
石束,219,1,34.0679606074748,131.181972026825,石束,Sc44,,
石束,219,2,34.0679627881252,131.181854711342,石束,Sc44,,
高の巣,220,1,34.0798290143642,131.196901202202,高の巣,Sc45,,
高の巣,220,2,34.0798212183683,131.196690124817,高の巣,Sc45,,
森広,221,1,34.0873525227266,131.199311575236,森広,Sc46,,
森広,221,2,34.0874519345093,131.199269360946,森広,Sc46,,
上森広,222,1,34.0869449220095,131.202576406609,上森広,Sc47,,
上森広,222,2,34.0870738384029,131.202552034253,上森広,Sc47,,
下平沼田,223,1,34.0921033676563,131.208860939064,下平沼田,Sc48,,
下平沼田,223,2,34.0920827572834,131.208725546204,下平沼田,Sc48,,
平沼田,224,1,34.094749929331,131.207679601092,平沼田,Sc49,,
平沼田,224,2,34.0947187949536,131.207560884819,平沼田,Sc49,,
新開,225,1,34.1034481834152,131.199842886085,新開,Sc50,,
新開,225,2,34.1033320212109,131.199808133441,新開,Sc50,,
宗末,226,1,34.1040499993162,131.193371415138,宗末,Sc51,,
宗末,226,2,34.1039710450685,131.193454797412,宗末,Sc51,,
奥の浴,227,1,34.1050355267117,131.186419129372,奥の浴,Sc52,,
奥の浴,227,2,34.1049069261172,131.186471956095,奥の浴,Sc52,,
湯の峠駅,228,1,34.0856732028221,131.172413799901,湯の峠駅,Sc53,,
湯の峠駅,228,2,34.0856395762006,131.172497061157,湯の峠駅,Sc53,,
湯の峠温泉前,229,1,34.0832079597661,131.171689603467,湯の峠温泉前,Sc54,,
湯の峠温泉前,229,2,34.0831579197974,131.171770536668,湯の峠温泉前,Sc54,,
福正寺,230,1,34.077011482091,131.167522150394,福正寺,Sc55,,
福正寺,230,2,34.0769669962784,131.167608796561,福正寺,Sc55,,
沓,231,1,34.0710289533216,131.171084123966,沓,Sc56,,
沓,231,2,34.0710922760517,131.171155145787,沓,Sc56,,
印行,232,1,34.0660731086078,131.170915377933,印行,Sc57,,
印行,232,2,34.0660308682417,131.171025814443,印行,Sc57,,
鴨の庄,233,1,34.0619169026323,131.166007518768,鴨の庄,Sc58,,
鴨の庄,233,2,34.0618607833952,131.166056731071,鴨の庄,Sc58,,
一丁田,234,1,34.058626568741,131.163840410287,一丁田,Sc59,,
一丁田,234,2,34.0585548952546,131.163907231718,一丁田,Sc59,,
税務所前,235,1,34.0568016345585,131.162343621254,税務所前,Sc60,,
税務所前,235,2,34.0567338433225,131.162359014773,税務所前,Sc60,,
美祢市立病院前,236,1,34.1713921389315,131.199342012405,美祢市立病院前,Mc1,,
美祢市立病院前,236,2,34.1714409603027,131.199272274971,美祢市立病院前,Mc1,,
大嶺中学校,237,1,34.1678636082071,131.198333501816,大嶺中学校,Mc2,,
大嶺中学校,237,2,34.167752646064,131.198258399963,大嶺中学校,Mc2,,
美祢中央,238,1,34.1668249934666,131.203365325928,美祢中央,Mc3,,
美祢中央,238,2,34.1668294320121,131.203874945641,美祢中央,Mc3,,
国行,239,1,34.167128079043,131.213341549548,国行,Mc4,,
国行,239,2,34.1669936051036,131.213377313434,国行,Mc4,,
西伊佐,240,1,34.1666119432841,131.216556429863,西伊佐,Mc5,,
西伊佐,240,2,34.1665142952838,131.216459870338,西伊佐,Mc5,,
伊佐,241,1,34.1660438051624,131.221126914024,伊佐,Mc6,,
伊佐,241,2,34.1659461558476,131.221094727516,伊佐,Mc6,,
伊佐中学校前,242,1,34.1676328069495,131.227054595947,伊佐中学校前,Mc7,,
伊佐中学校前,242,2,34.1675884220923,131.226443052292,伊佐中学校前,Mc7,,
北川,243,1,34.167264409468,131.228878498077,北川,Mc8,,
北川,243,2,34.1673842501957,131.22938811779,北川,Mc8,,
野崎,244,1,34.1715297264322,131.235755681992,野崎,Mc9,,
野崎,244,2,34.1714098921574,131.23584151268,野崎,Mc9,,
相川,245,1,34.1734648051112,131.243657469749,相川,Mc10,,
相川,245,2,34.1732917158192,131.243829131126,相川,Mc10,,
下曽原,246,1,34.1734559287372,131.254332661629,下曽原,Mc11,,
下曽原,246,2,34.1734381759894,131.253039836884,下曽原,Mc11,,
下曽原,246,3,34.173828736443,131.253415346146,下曽原,Mc11,,
下曽原,246,4,34.1738598037518,131.253334879875,下曽原,Mc11,,
上曽原,247,1,34.1766602509734,131.26535654068,上曽原,Mc12,,
上曽原,247,2,34.1764161582188,131.265404820442,上曽原,Mc12,,
上曽原,247,3,34.175876961718,131.26533065179,上曽原,Mc12,,
上曽原,247,4,34.1758750009518,131.265193860119,上曽原,Mc12,,
岩永,248,1,34.1883891577841,131.276932954788,岩永,Mc13,,
岩永,248,2,34.1882649103009,131.277099251747,岩永,Mc13,,
堀之内,249,1,34.1955330965309,131.278531551361,堀之内,Mc14,,
堀之内,249,2,34.1954354813976,131.278692483902,堀之内,Mc14,,
照岡,250,1,34.1982396493602,131.281680464745,照岡,Mc15,,
照岡,250,2,34.1981553485493,131.281787753105,照岡,Mc15,,
内ヶ島,251,1,34.200444759541,131.286208033562,内ヶ島,Mc16,,
内ヶ島,251,2,34.2003515864801,131.286202669144,内ヶ島,Mc16,,
旦,252,1,34.2073702919219,131.290381550789,旦,Mc17,,
旦,252,2,34.2068379189645,131.290311813354,旦,Mc17,,
秋吉,253,1,34.2156748561339,131.291379332542,秋吉,Mc18,,
秋吉,253,2,34.2155861366238,131.291529536247,秋吉,Mc18,,
隋徳,254,1,34.2194675348326,131.298712491989,隋徳,Mc19,,
隋徳,254,2,34.2184916580085,131.298294067383,隋徳,Mc19,,
秋芳洞,255,1,34.2232955276458,131.306775212288,秋芳洞,Mc20,,
秋吉小学校前,256,1,34.2133015731298,131.30720436573,秋吉小学校前,Mc21,,
秋吉小学校前,256,2,34.2131684902776,131.307161450386,秋吉小学校前,Mc21,,
八重,257,1,34.2133237536052,131.310299634933,八重,Mc22,,
八重,257,2,34.2131596180874,131.309886574745,八重,Mc22,,
八重ヶ原,258,1,34.213830521109,131.323322576169,八重ヶ原,Mc23,,
八重ヶ原,258,2,34.2137851074928,131.322959661484,八重ヶ原,Mc23,,
美東病院,259,1,34.2205055009643,131.340157985687,美東病院,Mc24,,
大田中央,260,1,34.2215922468624,131.341853141785,大田中央,Mc25,,
温水プール,268,1,34.1691729542655,131.233561635017,温水プール,Mc34,,
徳定,275,1,34.1650007298899,131.220526099205,徳定,Mc41,,
徳定,275,2,34.1650895031891,131.220011115074,徳定,Mc41,,
伊佐小学校前,276,1,34.1661503316875,131.226298213005,伊佐小学校前,Mc42,,
伊佐小学校前,276,2,34.1660704367936,131.226823925972,伊佐小学校前,Mc42,,
長ヶ坪,277,1,34.1711524703818,131.209137439728,長ヶ坪,Mc43,,
長ヶ坪,277,2,34.170855103131,131.209293007851,長ヶ坪,Mc43,,
美祢青嶺高校,278,1,34.1777520005121,131.214314103127,美祢青嶺高校,Mc44,,
美祢青嶺高校前,279,1,34.1779882773896,131.211820581284,美祢青嶺高校前,Mc45,,
美祢青嶺高校前,279,2,34.1779682773895,131.211968802845,美祢青嶺高校前,Mc45,,
曽根入口,280,1,34.1805966937206,131.211460232735,曽根入口,Mc46,,
曽根入口,280,2,34.1798822017876,131.211701631546,曽根入口,Mc46,,
山瀬入口,281,1,34.1893431974927,131.210269331932,山瀬入口,Mc47,,
山瀬入口,281,2,34.1885622167786,131.210457086563,山瀬入口,Mc47,,
重安駅前,282,1,34.1930971256047,131.209641695023,重安駅前,Mc48,,
重安駅前,282,2,34.1929462617889,131.209706068039,重安駅前,Mc48,,
助行,283,1,34.19804442525,131.211031079292,助行,Mc49,,
助行,283,2,34.1967798961715,131.211454868317,助行,Mc49,,
重安橋,284,1,34.2048414955208,131.20986700058,重安橋,Mc50,,
重安橋,284,2,34.2035992515831,131.210542917252,重安橋,Mc50,,
吉友,285,1,34.2116989971827,131.20845079356,吉友,Mc51,,
吉友,285,2,34.2116089971827,131.208685079275,吉友,Mc51,,
石入,286,1,34.21396762644,131.208256508506,石入,Mc52,,
石入,286,2,34.213857401007,131.208395518423,石入,Mc52,,
宮の前（美祢）,287,1,34.2217696739246,131.209968924522,宮の前（美祢）,Mc53,,
宮の前（美祢）,287,2,34.2215833755093,131.210156679153,宮の前（美祢）,Mc53,,
小杉入口,288,1,34.2308622861098,131.208493709564,小杉入口,Mc54,,
小杉入口,288,2,34.2303344975249,131.208692193031,小杉入口,Mc54,,
金山,289,1,34.2351421265463,131.208171844482,金山,Mc55,,
金山,289,2,34.2340644254718,131.208343505859,金山,Mc55,,
道の駅於福,290,1,34.2373595751825,131.208075284958,道の駅於福,Mc56,,
道の駅於福,290,2,34.2370358319076,131.208279132843,道の駅於福,Mc56,,
西寺水神公園入口,297,1,34.2467786467695,131.209561228752,西寺水神公園入口,Mc63,,
西寺水神公園入口,297,2,34.246383988648,131.208928227425,西寺水神公園入口,Mc63,,
萩原法性寺前,298,1,34.2484681139941,131.214753985405,萩原法性寺前,Mc64,,
萩原法性寺前,298,2,34.2482641388949,131.214399933815,萩原法性寺前,Mc64,,
三軒屋,299,1,34.2548664998654,131.229860186577,三軒屋,Mc65,,
三軒屋,299,2,34.2549197071719,131.229339838028,三軒屋,Mc65,,
道場,300,1,34.25135476416,131.242412924767,道場,Mc66,,
道場,300,2,34.2512572134835,131.242123246193,道場,Mc66,,
堅田,301,1,34.2511064533471,131.246312856674,堅田,Mc67,,
堅田,301,2,34.2509822979406,131.246098279953,堅田,Mc67,,
流田,302,1,34.2514478807148,131.250765323639,流田,Mc68,,
流田,302,2,34.2513148570651,131.251532435417,流田,Mc68,,
桧皮,303,1,34.2555714882418,131.256124377251,桧皮,Mc69,,
桧皮,303,2,34.2552611164747,131.255775690079,桧皮,Mc69,,
嘉万下市,304,1,34.2622929807977,131.262073516846,嘉万下市,Mc70,,
嘉万下市,304,2,34.2617343565434,131.262572407722,嘉万下市,Mc70,,
嘉万下市,304,3,34.2616323841279,131.261987686157,嘉万下市,Mc70,,
嘉万中市,305,1,34.2641506084593,131.260936260223,嘉万中市,Mc71,,
嘉万中市,305,2,34.2643722786494,131.260963082314,嘉万中市,Mc71,,
嘉万天神前,306,1,34.2672007505492,131.261392235756,嘉万天神前,Mc72,,
小藪,307,1,34.2523125240303,131.264551877975,小藪,Mc73,,
小藪,307,2,34.2521395956185,131.264417767525,小藪,Mc73,,
高田橋,308,1,34.2474437949255,131.26532971859,高田橋,Mc74,,
高田橋,308,2,34.2482464019297,131.264798641205,高田橋,Mc74,,
中村（美祢）,309,1,34.2404506017156,131.267094612122,中村（美祢）,Mc75,,
中村（美祢）,309,2,34.2414395293325,131.266810297966,中村（美祢）,Mc75,,
下嘉万,310,1,34.2370674409439,131.268055892552,下嘉万,Mc76,,
下嘉万,310,2,34.2370581789957,131.267901606837,下嘉万,Mc76,,
平野,311,1,34.2316206980641,131.268172860146,平野,Mc77,,
平野,311,2,34.2315104682203,131.267978458028,平野,Mc77,,
瀬戸（美祢）,312,1,34.216056350027,131.28624022007,瀬戸（美祢）,Mc78,,
瀬戸（美祢）,312,2,34.2162027372185,131.286014914513,瀬戸（美祢）,Mc78,,
イオン小野田SC,322,1,34.013538401061,131.183280944824,イオン小野田SC,T10,,
千崎中,323,1,34.0219776207039,131.183415055275,千崎中,T11,,
上千崎,324,1,34.0273839697191,131.183758378029,上千崎,T12,,
上千崎,324,2,34.0268104502792,131.184434294701,上千崎,T12,,
ナチュラルグリーンパークホテル,325,1,34.0332256320866,131.185477557275,ナチュラルグリーンパークホテル,T13,,
西高畑,326,1,34.0274501298816,131.18865515783,西高畑,T14,,
江汐公園口,327,1,34.0302470612815,131.19363963604,江汐公園口,T15,,
東高畑,328,1,34.0281575469243,131.196788549423,東高畑,T16,,
高千帆苑,329,1,34.0262058058727,131.194937825203,高千帆苑,T17,,
高千帆台,330,1,34.0190164294755,131.188564896584,高千帆台,T18,,
湯の口,331,1,34.1599050089299,131.351144313812,湯の口,M13,,
湯の口,331,2,34.1596120412705,131.350672245026,湯の口,M13,,
定住センター前,332,1,34.1629544900488,131.35289311409,定住センター前,M14,,
定住センター前,332,2,34.164987413895,131.353386640549,定住センター前,M14,,
法名,333,1,34.1684583652938,131.356047391891,法名,M15,,
法名,333,2,34.168391788008,131.356197595596,法名,M15,,
和田橋,334,1,34.1734692432982,131.359475255013,和田橋,M16,,
和田橋,334,2,34.1718581611114,131.359083652496,和田橋,M16,,
長田,335,1,34.1797224378123,131.360937991796,長田,M17,,
長田,335,2,34.1804058670976,131.361626386642,長田,M17,,
切畑,336,1,34.1845285184697,131.361009478569,切畑,M18,,
切畑,336,2,34.1845684569536,131.361835598946,切畑,M18,,
柿木原,337,1,34.1901019844028,131.347662806511,柿木原,M19,,
柿木原,337,2,34.1901108591035,131.347914934158,柿木原,M19,,
古曽,338,1,34.1929418246179,131.347550153732,古曽,M20,,
古曽,338,2,34.1931193114599,131.347689628601,古曽,M20,,
綾木,339,1,34.1983993767593,131.348977088928,綾木,M21,,
綾木,339,2,34.1980976684337,131.349030733109,綾木,M21,,
長門高山,340,1,34.2018068395565,131.351616382599,長門高山,M22,,
長門高山,340,2,34.2016870488488,131.351712942123,長門高山,M22,,
温湯,341,1,34.2157502677174,131.347839832306,温湯,M23,,
温湯,341,2,34.2152401305347,131.34897172451,温湯,M23,,
赤崎神社前,342,1,33.9600633028351,131.177975767539,赤崎神社前,S17-1,,
赤崎神社前,342,2,33.959770531671,131.178023698752,赤崎神社前,S17-1,,
厚狭高校,343,1,34.0612763987341,131.171839807172,厚狭高校,Sc61,,
サビエル高校,345,1,34.0154405950491,131.187207934265,サビエル高校,Sc62,,
みちしお,346,1,34.042820271873,131.070297592127,みちしお,Sc63,,
