公園_全国地方公共団体コード,地物・地点_ID,公園_ID,公園_名称,公園_名称（カナ）,公園_名称（英字）,公園_説明,緯度,経度,公園_座標参照系,公園_座標参照系コード,画像,公園_画像_ライセンス,公園_所在地,公園_面積（平方メートル）,公園_遊具,公園_トイレ,公園_駐車場,公園_備考,公園_市民レポート
352071,,kdpark000001,金輪街区公園,カナワガイクコウエン,,街区公園,34.009204,131.869201,世界測地系,,https://www.city.kudamatsu.lg.jp/toshiseibi/documents/001kanawagaikukouenn.jpg,CC BY 4.0,下松市北斗町11,1065,すべり台, ,,,https://logoform.jp/form/AcMw/kdmtparkreport
352071,,kdpark000002,薬街区公園,ヤクガイクコウエン,,街区公園,34.0177183,131.8683486,世界測地系,,https://www.city.kudamatsu.lg.jp/toshiseibi/documents/002yakugaikukouenn.jpg,CC BY 4.0,下松市桜町一丁目17,1700,複合遊具,1,,,https://logoform.jp/form/AcMw/kdmtparkreport
352071,,kdpark000003,宮前街区公園,ミヤマエガイクコウエン,,街区公園,34.0041508,131.8719498,世界測地系,,https://www.city.kudamatsu.lg.jp/toshiseibi/documents/003miyamaegaikukouenn.jpg,CC BY 4.0,下松市青柳一丁目8,3595,ブランコ・シーソー,1,,,https://logoform.jp/form/AcMw/kdmtparkreport
352071,,kdpark000004,相生街区公園,アイオイガイクコウエン,,街区公園,34.0113262,131.8654897,世界測地系,,https://www.city.kudamatsu.lg.jp/toshiseibi/documents/004aioigaikukouenn.jpg,CC BY 4.0,下松市駅南一丁目1,3254,ブランコ・シーソー・すべり台,1,,,https://logoform.jp/form/AcMw/kdmtparkreport
352071,,kdpark000005,栄町街区公園,サカエマチガイクコウエン,,街区公園,34.0117459,131.8692841,世界測地系,,https://www.city.kudamatsu.lg.jp/toshiseibi/documents/005sakaematigaikukouenn.jpg,CC BY 4.0,下松市栄町三丁目8,1623,ブランコ・すべり台,1,,,https://logoform.jp/form/AcMw/kdmtparkreport
352071,,kdpark000006,古川街区公園,フルカワガイクコウエン,,街区公園,34.0072555,131.8711295,世界測地系,,https://www.city.kudamatsu.lg.jp/toshiseibi/documents/006hurukawagaikukouenn.jpg,CC BY 4.0,下松市古川町三丁目3,2306,ブランコ・すべり台・鉄棒,1,,,https://logoform.jp/form/AcMw/kdmtparkreport
352071,,kdpark000007,半上街区公園,ハンジョウガイクコウエン,,街区公園,34.0031154,131.8748065,世界測地系,,https://www.city.kudamatsu.lg.jp/toshiseibi/documents/007hannjougaikukouenn.jpg,CC BY 4.0,下松市琴平町二丁目8,2158,ブランコ・すべり台・鉄棒,1,,,https://logoform.jp/form/AcMw/kdmtparkreport
352071,,kdpark000008,西市街区公園,ニシイチガイクコウエン,,街区公園,34.0140505,131.8588735,世界測地系,,https://www.city.kudamatsu.lg.jp/toshiseibi/documents/008nisiitigaikukouenn.jpg,CC BY 4.0,下松市西市一丁目10,1866,ブランコ・複合遊具・鉄棒,1,,,https://logoform.jp/form/AcMw/kdmtparkreport
352071,,kdpark000009,旗岡街区公園,ハタオカガイクコウエン,,街区公園,34.0100425,131.8775404,世界測地系,,https://www.city.kudamatsu.lg.jp/toshiseibi/documents/009hataokagaikukouenn.jpg,CC BY 4.0,下松市旗岡四丁目2,3059,ブランコ・シーソー・すべり台,1,,,https://logoform.jp/form/AcMw/kdmtparkreport
352071,,kdpark000010,上藤光街区公園,カミトウミツガイクコウエン,,街区公園,34.0294945,131.8684865,世界測地系,,https://www.city.kudamatsu.lg.jp/toshiseibi/documents/010kamitoumitugaikukouenn.jpg,CC BY 4.0,下松市藤光町二丁目3,1868,ブランコ・すべり台・鉄棒・健康遊具,1,,,https://logoform.jp/form/AcMw/kdmtparkreport
352071,,kdpark000011,香力西街区公園,コウリキニシガイクコウエン,,街区公園,34.0219608,131.8474671,世界測地系,,https://www.city.kudamatsu.lg.jp/toshiseibi/documents/011kourikinisigaikukouenn.jpg,CC BY 4.0,下松市潮音町五丁目4,1509,ブランコ・シーソー・すべり台・鉄棒・健康遊具,1,,,https://logoform.jp/form/AcMw/kdmtparkreport
352071,,kdpark000012,上香力街区公園,カミコウリキガイクコウエン,,街区公園,34.0264145,131.8514718,世界測地系,,https://www.city.kudamatsu.lg.jp/toshiseibi/documents/012kamikourikigaikukouenn.jpg,CC BY 4.0,下松市瑞穂町三丁目5,1563,ブランコ・シーソー・すべり台,1,,,https://logoform.jp/form/AcMw/kdmtparkreport
352071,,kdpark000013,森金街区公園,モリガネガイクコウエン,,街区公園,34.0356569,131.9101374,世界測地系,,https://www.city.kudamatsu.lg.jp/toshiseibi/documents/013moriganegaikukouenn.jpg,CC BY 4.0,下松市東陽二丁目10,2500,ブランコ・すべり台,1,,,https://logoform.jp/form/AcMw/kdmtparkreport
352071,,kdpark000014,平畑街区公園,ヒラハタガイクコウエン,,街区公園,34.0334731,131.9082227,世界測地系,,https://www.city.kudamatsu.lg.jp/toshiseibi/documents/014hirahatagaikukouenn.jpg,CC BY 4.0,下松市東陽一丁目4,2149,ブランコ・鉄棒,1,,,https://logoform.jp/form/AcMw/kdmtparkreport
352071,,kdpark000015,草ケ迫街区公園,クサガサコガイクコウエン,,街区公園,34.0361241,131.9145028,世界測地系,,https://www.city.kudamatsu.lg.jp/toshiseibi/documents/015kusagasakogaikukouenn.jpg,CC BY 4.0,下松市東陽三丁目8,2327,ブランコ・すべり台・鉄棒,1,,,https://logoform.jp/form/AcMw/kdmtparkreport
352071,,kdpark000016,井手ノ上街区公園,イデノウエガイクコウエン,,街区公園,34.0323857,131.9166539,世界測地系,,https://www.city.kudamatsu.lg.jp/toshiseibi/documents/016idenouegaikukouenn.jpg,CC BY 4.0,下松市東陽五丁目4,3262,ブランコ・シーソー・すべり台・鉄棒,1,,,https://logoform.jp/form/AcMw/kdmtparkreport
352071,,kdpark000017,花岡公園,ハナオカコウエン,,街区公園,34.0376833,131.8722226,世界測地系,,https://www.city.kudamatsu.lg.jp/toshiseibi/documents/017hanaokakouenn.jpg,CC BY 4.0,下松市大字末武上390,4226,ブランコ・複合遊具・健康遊具,1,,,https://logoform.jp/form/AcMw/kdmtparkreport
352071,,kdpark000018,潮音公園,シオネコウエン,,街区公園,34.0216438,131.8497398,世界測地系,,https://www.city.kudamatsu.lg.jp/toshiseibi/documents/018sionekouenn.jpg,CC BY 4.0,下松市潮音町三丁目13,806,ブランコ・すべり台・鉄棒・回転ジャングルジム,1,,,https://logoform.jp/form/AcMw/kdmtparkreport
352071,,kdpark000019,西開作公園,ニシカイサクコウエン,,街区公園,34.0193435,131.8478333,世界測地系,,https://www.city.kudamatsu.lg.jp/toshiseibi/documents/019nisikaisakukouenn.jpg,CC BY 4.0,下松市潮音町六丁目18,661,ブランコ・シーソー・すべり台・鉄棒・ジャングルジム・健康遊具,1,,,https://logoform.jp/form/AcMw/kdmtparkreport
352071,,kdpark000020,大海町公園,オオノミチョウコウエン,,街区公園,34.0195044,131.8529132,世界測地系,,https://www.city.kudamatsu.lg.jp/toshiseibi/documents/020oonomichoukouenn.jpg,CC BY 4.0,下松市潮音町二丁目4,1587,ブランコ・すべり台・鉄棒,1,,,https://logoform.jp/form/AcMw/kdmtparkreport
352071,,kdpark000021,久保公園,クボコウエン,,街区公園,34.0289989,131.9057899,世界測地系,,https://www.city.kudamatsu.lg.jp/toshiseibi/documents/021kubokouenn.jpg,CC BY 4.0,下松市大字河内944番28,708,ブランコ・ジャングルジム,1,,,https://logoform.jp/form/AcMw/kdmtparkreport
352071,,kdpark000022,岡の原公園,オカノハラコウエン,,街区公園,34.0238603,131.8997214,世界測地系,,https://www.city.kudamatsu.lg.jp/toshiseibi/documents/022okanoharakouenn.jpg,CC BY 4.0,下松市大字河内1112番5,1722,ブランコ・鉄棒,1,,,https://logoform.jp/form/AcMw/kdmtparkreport
352071,,kdpark000023,東開作公園,ヒガシカイサクコウエン,,街区公園,34.0178046,131.8530145,世界測地系,,https://www.city.kudamatsu.lg.jp/toshiseibi/documents/023higasikaisakukouenn.jpg,CC BY 4.0,下松市潮音町二丁目7,1970,ブランコ・すべり台・鉄棒,1,,,https://logoform.jp/form/AcMw/kdmtparkreport
352071,,kdpark000024,新川公園,シンカワコウエン,,街区公園,34.0085106,131.8634549,世界測地系,,https://www.city.kudamatsu.lg.jp/toshiseibi/documents/024sinnkawakouenn.jpg,CC BY 4.0,下松市新川二丁目1,1218,ブランコ・シーソー・たこ遊具・ジャングルジム,1,,,https://logoform.jp/form/AcMw/kdmtparkreport
352071,,kdpark000025,山田公園,ヤマダコウエン,,街区公園,34.0414462,131.9071434,世界測地系,,https://www.city.kudamatsu.lg.jp/toshiseibi/documents/025yamadakouenn.jpg,CC BY 4.0,下松市大字山田490番6,1060,ブランコ・シーソー・電話すべり台・鉄棒・ジャングルジム・的当て,1,,,https://logoform.jp/form/AcMw/kdmtparkreport
352071,,kdpark000026,昭和通り公園,ショウワドオリコウエン,,街区公園,34.0166635,131.8780995,世界測地系,,https://www.city.kudamatsu.lg.jp/toshiseibi/documents/026shouwadoorikouenn.jpg,CC BY 4.0,下松市大字河内2944番1,870,すべり台・鉄棒,1,,,https://logoform.jp/form/AcMw/kdmtparkreport
352071,,kdpark000027,来巻公園,クルマキコウエン,,街区公園,34.0194666,131.9243565,世界測地系,,https://www.city.kudamatsu.lg.jp/toshiseibi/documents/027kurumakikouenn.jpg,CC BY 4.0,下松市大字来巻569番2,1688,すべり台・鉄棒,1,,,https://logoform.jp/form/AcMw/kdmtparkreport
352071,,kdpark000028,本浦公園,ホンウラコウエン,,街区公園,33.9793468,131.8631171,世界測地系,,https://www.city.kudamatsu.lg.jp/toshiseibi/documents/028honnurakouenn.jpg,CC BY 4.0,下松市大字笠戸島1534番1,6003,ブランコ・健康遊具,1,,,https://logoform.jp/form/AcMw/kdmtparkreport
352071,,kdpark000029,中央町第1公園,チュウオウチョウダイイチコウエン,,街区公園,34.0172055,131.8635753,世界測地系,,https://www.city.kudamatsu.lg.jp/toshiseibi/documents/029chuuouchoudai1kouenn.jpg,CC BY 4.0,下松市中央町1,1147,鉄棒・ジャングルジム,1,,,https://logoform.jp/form/AcMw/kdmtparkreport
352071,,kdpark000030,吉原公園,ヨシワラコウエン,,街区公園,34.0187558,131.885199,世界測地系,,https://www.city.kudamatsu.lg.jp/toshiseibi/documents/030yosiharakouenn.jpg,CC BY 4.0,下松市大字河内2021,1483,ブランコ・すべり台・うんてい,1,,,https://logoform.jp/form/AcMw/kdmtparkreport
352071,,kdpark000031,星が丘第1公園,ホシガオカダイイチコウエン,,街区公園,34.0209305,131.8991987,世界測地系,,https://www.city.kudamatsu.lg.jp/toshiseibi/documents/031hosigaokadai1kouenn.jpg,CC BY 4.0,下松市星が丘二丁目1,2661,ブランコ・すべり台・鉄棒・うんてい,1,,,https://logoform.jp/form/AcMw/kdmtparkreport
352071,,kdpark000032,中島町公園,ナカシマチョウコウエン,,街区公園,34.013243,131.8622704,世界測地系,,https://www.city.kudamatsu.lg.jp/toshiseibi/documents/032nakasimachoukouenn.jpg,CC BY 4.0,下松市中島町一丁目1,662,すべり台・ぶら下がり・シーソー・ラダー・スプリング遊具,,,,https://logoform.jp/form/AcMw/kdmtparkreport
352071,,kdpark000033,新町公園,シンマチコウエン,,街区公園,34.0069319,131.8673163,世界測地系,,https://www.city.kudamatsu.lg.jp/toshiseibi/documents/033sinnmatikouenn.jpg,CC BY 4.0,下松市大字東豊井2085番4,436,ブランコ・すべり台・鉄棒・ジャングルジム, ,,,https://logoform.jp/form/AcMw/kdmtparkreport
352071,,kdpark000034,一念公園,イチネンコウエン,,街区公園,34.0049993,131.8707343,世界測地系,,https://www.city.kudamatsu.lg.jp/toshiseibi/documents/034itinennkouenn.jpg,CC BY 4.0,下松市大字東豊井1447番12,397,ブランコ・鉄棒・ジャングルジム, ,,,https://logoform.jp/form/AcMw/kdmtparkreport
352071,,kdpark000035,緑ヶ丘公園,ミドリガオカコウエン,,街区公園,34.0386121,131.8624568,世界測地系,,https://www.city.kudamatsu.lg.jp/toshiseibi/documents/035midorigaokakouenn.jpg,CC BY 4.0,下松市大字末武上939番2,588,ブランコ・鉄棒, ,,,https://logoform.jp/form/AcMw/kdmtparkreport
352071,,kdpark000036,二宮町公園,ニノミヤチョウコウエン,,街区公園,34.0036544,131.8700669,世界測地系,,https://www.city.kudamatsu.lg.jp/toshiseibi/documents/036ninomiyachoukouenn.jpg,CC BY 4.0,下松市大字東豊井1302番54,234,ブランコ・すべり台, ,,,https://logoform.jp/form/AcMw/kdmtparkreport
352071,,kdpark000037,旗岡一丁目第1公園,ハタオカイッチョウメダイイチコウエン,,街区公園,34.0113529,131.8754578,世界測地系,,https://www.city.kudamatsu.lg.jp/toshiseibi/documents/037hataokaicchoumedai1kouenn.jpg,CC BY 4.0,下松市旗岡一丁目1,283,シーソー・鉄棒, ,,,https://logoform.jp/form/AcMw/kdmtparkreport
352071,,kdpark000038,旗岡一丁目第2公園,ハタオカイッチョウメダイニコウエン,,街区公園,34.0110549,131.8743712,世界測地系,,https://www.city.kudamatsu.lg.jp/toshiseibi/documents/038hataokaichoumedai2kouenn.jpg,CC BY 4.0,下松市旗岡一丁目10,335,ブランコ・シーソー, ,,,https://logoform.jp/form/AcMw/kdmtparkreport
352071,,kdpark000039,旗岡四丁目公園,ハタオカヨンチョウメコウエン,,街区公園,34.0081087,131.8795147,世界測地系,,https://www.city.kudamatsu.lg.jp/toshiseibi/documents/039hataokayonnchoumekouenn.jpg,CC BY 4.0,下松市旗岡四丁目14,343,ブランコ・すべり台・鉄棒, ,,,https://logoform.jp/form/AcMw/kdmtparkreport
352071,,kdpark000040,旗岡五丁目公園,ハタオカゴチョウメコウエン,,街区公園,34.0080511,131.8765404,世界測地系,,https://www.city.kudamatsu.lg.jp/toshiseibi/documents/040hataokagochoumekouenn.jpg,CC BY 4.0,下松市旗岡五丁目7,298,ブランコ・すべり台・鉄棒, ,,,https://logoform.jp/form/AcMw/kdmtparkreport
352071,,kdpark000041,東万の木公園,ヒガシマンノキコウエン,,街区公園,34.0395103,131.8848543,世界測地系,,https://www.city.kudamatsu.lg.jp/toshiseibi/documents/041higasimannnokikouenn.jpg,CC BY 4.0,下松市生野屋一丁目13,428,ブランコ・すべり台・うんてい, ,,,https://logoform.jp/form/AcMw/kdmtparkreport
352071,,kdpark000042,東時宗公園,ヒガシトキムネコウエン,,街区公園,34.0412628,131.8818489,世界測地系,,https://www.city.kudamatsu.lg.jp/toshiseibi/documents/042higasitokimunekouenn.jpg,CC BY 4.0,下松市生野屋西三丁目34,2050,ブランコ・すべり台・ジャングルジム・健康遊具, ,,,https://logoform.jp/form/AcMw/kdmtparkreport
352071,,kdpark000043,高砂町西公園,タカサゴチョウニシコウエン,,街区公園,34.0105256,131.8618779,世界測地系,,https://www.city.kudamatsu.lg.jp/toshiseibi/documents/043takasagochounisikouenn.jpg,CC BY 4.0,下松市中市二丁目8,527,すべり台, ,,,https://logoform.jp/form/AcMw/kdmtparkreport
352071,,kdpark000044,法蓮寺公園,ホウレンジコウエン,,街区公園,34.01957,131.8719079,世界測地系,,https://www.city.kudamatsu.lg.jp/toshiseibi/documents/044hourennjikouenn.jpg,CC BY 4.0,下松市桜町二丁目11,308, , ,,,https://logoform.jp/form/AcMw/kdmtparkreport
352071,,kdpark000045,西時宗公園,ニシトキムネコウエン,,街区公園,34.0386921,131.8797182,世界測地系,,https://www.city.kudamatsu.lg.jp/toshiseibi/documents/045nisitokimunekouenn.jpg,CC BY 4.0,下松市生野屋西二丁目12,1494,うんてい・ジャングルジム, ,,,https://logoform.jp/form/AcMw/kdmtparkreport
352071,,kdpark000046,東和公園,トウワコウエン,,街区公園,34.0281425,131.9241168,世界測地系,,https://www.city.kudamatsu.lg.jp/toshiseibi/documents/046touwakouenn.jpg,CC BY 4.0,下松市東和一丁目91,1331,ブランコ・シーソー・すべり台・鉄棒, ,,,https://logoform.jp/form/AcMw/kdmtparkreport
352071,,kdpark000047,東和二丁目公園,トウワニチョウメコウエン,,街区公園,34.0286124,131.9257244,世界測地系,,https://www.city.kudamatsu.lg.jp/toshiseibi/documents/047touwanichoumekouenn.jpg,CC BY 4.0,下松市東和二丁目63,191,, ,,,https://logoform.jp/form/AcMw/kdmtparkreport
352071,,kdpark000048,大王公園,ダイオウコウエン,,街区公園,34.038021,131.8876901,世界測地系,,https://www.city.kudamatsu.lg.jp/toshiseibi/documents/048daioukouenn.jpg,CC BY 4.0,下松市生野屋二丁目12,771,ブランコ・すべり台・鉄棒・ジャングルジム, ,,,https://logoform.jp/form/AcMw/kdmtparkreport
352071,,kdpark000049,田園調布公園,デンエンチョウフコウエン,,街区公園,34.0383548,131.890664,世界測地系,,https://www.city.kudamatsu.lg.jp/toshiseibi/documents/049dennennchouhukouenn.jpg,CC BY 4.0,下松市生野屋四丁目12,364,すべり台・鉄棒, ,,,https://logoform.jp/form/AcMw/kdmtparkreport
352071,,kdpark000050,桃山第1公園,モモヤマダイイチコウエン,,街区公園,34.0282206,131.9182156,世界測地系,,https://www.city.kudamatsu.lg.jp/toshiseibi/documents/050momoyamadai1kouenn.jpg,CC BY 4.0,下松市桃山町109番2,406,土管, ,,,https://logoform.jp/form/AcMw/kdmtparkreport
352071,,kdpark000051,桃山第2公園,モモヤマダイニコウエン,,街区公園,34.0272864,131.9188929,世界測地系,,https://www.city.kudamatsu.lg.jp/toshiseibi/documents/051momoyamadai2kouenn.jpg,CC BY 4.0,下松市桃山町99,1116,ブランコ・シーソー・すべり台・鉄棒, ,,,https://logoform.jp/form/AcMw/kdmtparkreport
352071,,kdpark000052,桃山第3公園,モモヤマダイサンコウエン,,街区公園,34.0272359,131.9174629,世界測地系,,https://www.city.kudamatsu.lg.jp/toshiseibi/documents/052momoyamadai3kouenn.jpg,CC BY 4.0,下松市桃山町41番2,299, , ,,,https://logoform.jp/form/AcMw/kdmtparkreport
352071,,kdpark000053,昭和町第1公園,ショウワチョウダイイチコウエン,,街区公園,34.0190840,131.8803958,世界測地系,,https://www.city.kudamatsu.lg.jp/toshiseibi/documents/053shouwachoudai1kouenn.jpg,CC BY 4.0,下松市大字河内10202,456,ブランコ・すべり台・鉄棒・ジャングルジム, ,,,https://logoform.jp/form/AcMw/kdmtparkreport
352071,,kdpark000054,昭和町第2公園,ショウワチョウダイニコウエン,,街区公園,34.0158767,131.8824698,世界測地系,,https://www.city.kudamatsu.lg.jp/toshiseibi/documents/054shouwachoudai2kouenn.jpg,CC BY 4.0,下松市昭和町二丁目11,1389, , ,,,https://logoform.jp/form/AcMw/kdmtparkreport
352071,,kdpark000055,若草台公園,ワカクサダイコウエン,,街区公園,34.023743,131.8674166,世界測地系,,https://www.city.kudamatsu.lg.jp/toshiseibi/documents/055wakakusadaikouenn.jpg,CC BY 4.0,下松市藤光町一丁目13,362,ブランコ・すべり台, ,,,https://logoform.jp/form/AcMw/kdmtparkreport
352071,,kdpark000056,切山公園,キリヤマコウエン,,街区公園,34.0370907,131.9226791,世界測地系,,https://www.city.kudamatsu.lg.jp/toshiseibi/documents/056kiriyamakouenn.jpg,CC BY 4.0,下松市大字切山331番5,1063,ブランコ・すべり台, ,,,https://logoform.jp/form/AcMw/kdmtparkreport
352071,,kdpark000057,中央町第2公園,チュウオウチョウダイニコウエン,,街区公園,34.0169553,131.8626522,世界測地系,,https://www.city.kudamatsu.lg.jp/toshiseibi/documents/057chuuouchoudai2kouenn.jpg,CC BY 4.0,下松市中央町7,598,ブランコ・すべり台・鉄棒・うんてい, ,,,https://logoform.jp/form/AcMw/kdmtparkreport
352071,,kdpark000058,中央町第3公園,チュウオウチョウダイサンコウエン,,街区公園,34.0178526,131.8616351,世界測地系,,https://www.city.kudamatsu.lg.jp/toshiseibi/documents/058chuuouchoudai3kouenn.jpg,CC BY 4.0,下松市中央町11,299, , ,,,https://logoform.jp/form/AcMw/kdmtparkreport
352071,,kdpark000059,上地公園,アゲジコウエン,,街区公園,34.0416096,131.8694711,世界測地系,,https://www.city.kudamatsu.lg.jp/toshiseibi/documents/059agejikouenn.jpg,CC BY 4.0,下松市大字末武上545,286,ブランコ・鉄棒・うんてい, ,,,https://logoform.jp/form/AcMw/kdmtparkreport
352071,,kdpark000060,山手町公園,ヤマテチョウコウエン,,街区公園,34.0356521,131.8532844,世界測地系,,https://www.city.kudamatsu.lg.jp/toshiseibi/documents/060yamatechoukouenn.jpg,CC BY 4.0,下松市大字末武中1415番39,713,ブランコ・すべり台, ,,,https://logoform.jp/form/AcMw/kdmtparkreport
352071,,kdpark000061,幸ヶ丘公園,サチガオカコウエン,,街区公園,34.0294087,131.8964653,世界測地系,,https://www.city.kudamatsu.lg.jp/toshiseibi/documents/061satigaokakouenn.jpg,CC BY 4.0,下松市大字河内643番108,255, , ,,,https://logoform.jp/form/AcMw/kdmtparkreport
352071,,kdpark000062,花垣公園,ハナガキコウエン,,街区公園,33.9983972,131.8767651,世界測地系,,https://www.city.kudamatsu.lg.jp/toshiseibi/documents/062hanagakikouenn.jpg,CC BY 4.0,下松市大字東豊井1053番21,153,ブランコ・すべり台・鉄棒, ,,,https://logoform.jp/form/AcMw/kdmtparkreport
352071,,kdpark000063,鳥越第1公園,トリゴエダイイチコウエン,,街区公園,34.0272818,131.8421795,世界測地系,,https://www.city.kudamatsu.lg.jp/toshiseibi/documents/063torigoedai1kouenn.jpg,CC BY 4.0,下松市大字末武中10033番203,1309,ブランコ・すべり台・ジャングルジム, ,,,https://logoform.jp/form/AcMw/kdmtparkreport
352071,,kdpark000064,鳥越第2公園,トリゴエダイニコウエン,,街区公園,34.0259763,131.8417274,世界測地系,,https://www.city.kudamatsu.lg.jp/toshiseibi/documents/064torigoedai2kouenn.jpg,CC BY 4.0,下松市大字末武中10033番204,723,シーソー・すべり台・鉄棒, ,,,https://logoform.jp/form/AcMw/kdmtparkreport
352071,,kdpark000065,上時宗公園,カミトキムネコウエン,,街区公園,34.0423969,131.8794305,世界測地系,,https://www.city.kudamatsu.lg.jp/toshiseibi/documents/065kamitokimunekouenn.jpg,CC BY 4.0,下松市生野屋西三丁目24,1137,ブランコ・すべり台・鉄棒・ジャングルジム, ,,,https://logoform.jp/form/AcMw/kdmtparkreport
352071,,kdpark000066,深浦公園,フカウラコウエン,,街区公園,33.9456501,131.8254102,世界測地系,,https://www.city.kudamatsu.lg.jp/toshiseibi/documents/066hukaurakouenn.jpg,CC BY 4.0,下松市大字笠戸島1119番1,1033, , ,,,https://logoform.jp/form/AcMw/kdmtparkreport
352071,,kdpark000067,出合第1公園,デアイダイイチコウエン,,街区公園,34.0244708,131.8958322,世界測地系,,https://www.city.kudamatsu.lg.jp/toshiseibi/documents/067deaidai1kouenn.jpg,CC BY 4.0,下松市大字河内1038番45,172,ブランコ・すべり台, ,,,https://logoform.jp/form/AcMw/kdmtparkreport
352071,,kdpark000068,出合第2公園,デアイダイニコウエン,,街区公園,34.0239603,131.8944184,世界測地系,,https://www.city.kudamatsu.lg.jp/toshiseibi/documents/068deaidai2kouenn.jpg,CC BY 4.0,下松市大字河内1718番1,606,すべり台・鉄棒, ,,,https://logoform.jp/form/AcMw/kdmtparkreport
352071,,kdpark000069,出合第3公園,デアイダイサンコウエン,,街区公園,34.0245602,131.8975442,世界測地系,,https://www.city.kudamatsu.lg.jp/toshiseibi/documents/069deaidai3kouenn.jpg,CC BY 4.0,下松市大字河内1032番18,144,ブランコ・すべり台・鉄棒, ,,,https://logoform.jp/form/AcMw/kdmtparkreport
352071,,kdpark000070,出合第4公園,デアイダイヨンコウエン,,街区公園,34.024326,131.8954215,世界測地系,,https://www.city.kudamatsu.lg.jp/toshiseibi/documents/070deaidai4kouenn.jpg,CC BY 4.0,下松市大字河内1043番20,146,, ,,,https://logoform.jp/form/AcMw/kdmtparkreport
352071,,kdpark000071,昭和通り上公園,ショウワドオリカミコウエン,,街区公園,34.0182357,131.8768148,世界測地系,,https://www.city.kudamatsu.lg.jp/toshiseibi/documents/071shouwadoorikamikouenn.jpg,CC BY 4.0,下松市大字河内2755番1,1043,すべり台・鉄棒, ,,,https://logoform.jp/form/AcMw/kdmtparkreport
352071,,kdpark000073,セントシティ公園,セントシティコウエン,,街区公園,34.0275254,131.8989993,世界測地系,,https://www.city.kudamatsu.lg.jp/toshiseibi/documents/073senntosithikouenn.jpg,CC BY 4.0,下松市大字河内620番86,2544,ブランコ・ロッキンパッピー・すべり台・ジャングルジム,,,,https://logoform.jp/form/AcMw/kdmtparkreport
352071,,kdpark000074,万ノ木台公園,マンノキダイコウエン,,街区公園,34.0373521,131.8850769,世界測地系,,https://www.city.kudamatsu.lg.jp/toshiseibi/documents/074mannnokidaikouenn.jpg,CC BY 4.0,下松市生野屋一丁目4,624,ブランコ・ロッキンパッピー・すべり台・鉄棒, ,,,https://logoform.jp/form/AcMw/kdmtparkreport
352071,,kdpark000075,瑞穂町一丁目公園,ミズホチョウイッチョウメコウエン,,街区公園,34.0222766,131.8564135,世界測地系,,https://www.city.kudamatsu.lg.jp/toshiseibi/documents/075mizuhochouiichoumekouenn.jpg,CC BY 4.0,下松市瑞穂町一丁目4,844,ブランコ・ロッキンパッピー・すべり台・鉄棒, ,,,https://logoform.jp/form/AcMw/kdmtparkreport
352071,,kdpark000076,星が丘第2公園,ホシガオカダイニコウエン,,街区公園,34.0193694,131.8980045,世界測地系,,https://www.city.kudamatsu.lg.jp/toshiseibi/documents/076hosigaokadai2kouenn.jpg,CC BY 4.0,下松市星が丘三丁目2,705,ブランコ・すべり台・鉄棒, ,,,https://logoform.jp/form/AcMw/kdmtparkreport
352071,,kdpark000077,星が丘二丁目第1公園,ホシガオカニチョウメダイイチコウエン,,街区公園,34.0179293,131.8992219,世界測地系,,https://www.city.kudamatsu.lg.jp/toshiseibi/documents/077hosigaokanichoumedai1kouenn.jpg,CC BY 4.0,下松市星が丘二丁目9,1042, , ,,,https://logoform.jp/form/AcMw/kdmtparkreport
352071,,kdpark000078,星が丘二丁目第2公園,ホシガオカニチョウメダイニコウエン,,街区公園,34.0179757,131.8988859,世界測地系,,https://www.city.kudamatsu.lg.jp/toshiseibi/documents/078hosigaokanichoumedai2kouenn.jpg,CC BY 4.0,下松市星が丘二丁目9,750, , ,,,https://logoform.jp/form/AcMw/kdmtparkreport
352071,,kdpark000079,リバーサイド公園,リバーサイドコウエン,,街区公園,34.018113,131.8590032,世界測地系,,https://www.city.kudamatsu.lg.jp/toshiseibi/documents/079riba-saidokouenn.jpg,CC BY 4.0,下松市せせらぎ町三丁目13,455,すべり台・鉄棒・ブランコ, ,,,https://logoform.jp/form/AcMw/kdmtparkreport
352071,,kdpark000080,東河原公園,ヒガシガワラコウエン,,街区公園,34.0279447,131.8598853,世界測地系,,https://www.city.kudamatsu.lg.jp/toshiseibi/documents/080higasikawaharakouenn.jpg,CC BY 4.0,下松市望町一丁目13,143,鉄棒・ジャングルジム・ミニアスレ, ,,,https://logoform.jp/form/AcMw/kdmtparkreport
352071,,kdpark000081,和田岩崎公園,ワダイワサキコウエン,,街区公園,34.0334476,131.8510709,世界測地系,,https://www.city.kudamatsu.lg.jp/toshiseibi/documents/081wadaiwasakikouenn.jpg,CC BY 4.0,下松市大字末武中1357番23,158, , ,,,https://logoform.jp/form/AcMw/kdmtparkreport
352071,,kdpark000082,つつじケ丘公園,ツツジガオカコウエン,,街区公園,34.0197492,131.8744061,世界測地系,,https://www.city.kudamatsu.lg.jp/toshiseibi/documents/082tutujigaokakouenn.jpg,CC BY 4.0,下松市大字河内1番15,158,すべり台・鉄棒, ,,,https://logoform.jp/form/AcMw/kdmtparkreport
352071,,kdpark000083,光陽台公園,コウヨウダイコウエン,,街区公園,34.0188884,131.8730139,世界測地系,,https://www.city.kudamatsu.lg.jp/toshiseibi/documents/083kouyoudaikouenn.jpg,CC BY 4.0,下松市桜町二丁目10,305,ブランコ・すべり台・鉄棒・ジャングルジム, ,,,https://logoform.jp/form/AcMw/kdmtparkreport
352071,,kdpark000084,東町公園,ヒガシマチコウエン,,街区公園,34.0364664,131.8768251,世界測地系,,https://www.city.kudamatsu.lg.jp/toshiseibi/documents/084higasimatikouenn.jpg,CC BY 4.0,下松市大字生野屋1292番2,158, , ,,,https://logoform.jp/form/AcMw/kdmtparkreport
352071,,kdpark000085,和田堂ノ口公園,ワダドウノグチコウエン,,街区公園,34.033187,131.8541051,世界測地系,,https://www.city.kudamatsu.lg.jp/toshiseibi/documents/085wadadounogutikouenn.jpg,CC BY 4.0,下松市大字末武中1476番7,329,ブランコ・すべり台・鉄棒, ,,,https://logoform.jp/form/AcMw/kdmtparkreport
352071,,kdpark000086,久保市公園,クボイチコウエン,,街区公園,34.0305774,131.9100194,世界測地系,,https://www.city.kudamatsu.lg.jp/toshiseibi/documents/086kuboitikouenn.jpg,CC BY 4.0,下松市大字切山19番22,156, , ,,,https://logoform.jp/form/AcMw/kdmtparkreport
352071,,kdpark000087,美里町三丁目公園,ミサトチョウサンチョウメコウエン,,街区公園,34.0223633,131.8629259,世界測地系,,https://www.city.kudamatsu.lg.jp/toshiseibi/documents/087misatochousannchoumekouenn.jpg,CC BY 4.0,下松市美里町三丁目1,198, , ,,,https://logoform.jp/form/AcMw/kdmtparkreport
352071,,kdpark000088,東陽七丁目公園,トウヨウナナチョウメコウエン,,街区公園,34.0331089,131.9136642,世界測地系,,https://www.city.kudamatsu.lg.jp/toshiseibi/documents/088touyounanachoumekouenn.jpg,CC BY 4.0,下松市東陽七丁目9,424, , ,,,https://logoform.jp/form/AcMw/kdmtparkreport
352071,,kdpark000089,生野屋西三丁目　東時宗公園,イクノヤニシサンチョウメ　ヒガシトキムネコウエン,,街区公園,34.0402132,131.8829925,世界測地系,,https://www.city.kudamatsu.lg.jp/toshiseibi/documents/089ikunoyanisisannchoumehigasitokimunekouenn.jpg,CC BY 4.0,下松市生野屋西三丁目16,214,,,,,https://logoform.jp/form/AcMw/kdmtparkreport
352071,,kdpark000090,末光団地公園,スエミツダンチコウエン,,街区公園,34.0170917,131.8728326,世界測地系,,https://www.city.kudamatsu.lg.jp/toshiseibi/documents/090suemitudanntikouenn.jpg,CC BY 4.0,下松市桜町一丁目5,274,すべり台・鉄棒, ,,,https://logoform.jp/form/AcMw/kdmtparkreport
352071,,kdpark000091,ウイズ公園,ウイズコウエン,,街区公園,34.003563,131.8767741,世界測地系,,https://www.city.kudamatsu.lg.jp/toshiseibi/documents/091uizukouenn.jpg,CC BY 4.0,下松市大字東豊井1969番28,320, , ,,,https://logoform.jp/form/AcMw/kdmtparkreport
352071,,kdpark000092,生野屋三丁目西村公園,イクノヤサンチョウメニシムラコウエン,,街区公園,34.0412117,131.8886459,世界測地系,,https://www.city.kudamatsu.lg.jp/toshiseibi/documents/092ikunoyasannchoumenisimurakouenn.jpg,CC BY 4.0,下松市生野屋三丁目5,173, , ,,,https://logoform.jp/form/AcMw/kdmtparkreport
352071,,kdpark000093,南花岡五丁目第1公園,ミナミハナオカゴチョウメダイイチコウエン,,街区公園,34.0315177,131.8707415,世界測地系,,https://www.city.kudamatsu.lg.jp/toshiseibi/documents/093minamihanaokagochoumedai1kouenn.jpg,CC BY 4.0,下松市南花岡五丁目4,322,鉄棒, ,,,https://logoform.jp/form/AcMw/kdmtparkreport
352071,,kdpark000094,南花岡五丁目第2公園,ミナミハナオカゴチョウメダイニコウエン,,街区公園,34.0326088,131.8713487,世界測地系,,https://www.city.kudamatsu.lg.jp/toshiseibi/documents/094minamihanaokagochoumedai2kouenn.jpg,CC BY 4.0,下松市南花岡五丁目3,171, , ,,,https://logoform.jp/form/AcMw/kdmtparkreport
352071,,kdpark000095,ソレアード公園,ソレアードコウエン,,街区公園,34.0052754,131.8754904,世界測地系,,https://www.city.kudamatsu.lg.jp/toshiseibi/documents/095sorea-dokouenn.jpg,CC BY 4.0,下松市大字東豊井1956番24,210, , ,,,https://logoform.jp/form/AcMw/kdmtparkreport
352071,,kdpark000096,ミーティア桜町公園,ミーティアサクラチョウコウエン,,街区公園,34.017055,131.8706634,世界測地系,,https://www.city.kudamatsu.lg.jp/toshiseibi/documents/096mi-thiasakurachoukouenn.jpg,CC BY 4.0,下松市桜町一丁目23,153, , ,,,https://logoform.jp/form/AcMw/kdmtparkreport
352071,,kdpark000097,望町四丁目公園,ノゾミチョウヨンチョウメコウエン,,街区公園,34.0276554,131.8559954,世界測地系,,https://www.city.kudamatsu.lg.jp/toshiseibi/documents/097nozomichouyonnchoumekouenn.jpg,CC BY 4.0,下松市望町四丁目4,131, , ,,,https://logoform.jp/form/AcMw/kdmtparkreport
352071,,kdpark000098,中部1号公園,チュウブイチゴウコウエン,,街区公園,34.0169323,131.8582588,世界測地系,,https://www.city.kudamatsu.lg.jp/toshiseibi/documents/098chuubu1goukouenn.jpg,CC BY 4.0,下松市せせらぎ町二丁目5,1000,ブランコ・すべり台, ,,,https://logoform.jp/form/AcMw/kdmtparkreport
352071,,kdpark000099,中部2号公園,チュウブニゴウコウエン,,街区公園,34.0156327,131.8607657,世界測地系,,https://www.city.kudamatsu.lg.jp/toshiseibi/documents/099chuubu2goukouenn.jpg,CC BY 4.0,下松市せせらぎ町一丁目5,1000,ブランコ・すべり台, ,,,https://logoform.jp/form/AcMw/kdmtparkreport
352071,,kdpark000100,生野屋コミュニティ広場,イクノヤコミュニティヒロバ,,街区公園,34.0369215,131.890179,世界測地系,,https://www.city.kudamatsu.lg.jp/toshiseibi/documents/100ikunoyakomyunithi-hiroba.jpg,CC BY 4.0,下松市生野屋西五丁目4,5879, ,1,1,,https://logoform.jp/form/AcMw/kdmtparkreport
352071,,kdpark000101,南花岡二丁目公園,ミナミハナオカニチョウメコウエン,,街区公園,34.0352462,131.8665231,世界測地系,,https://www.city.kudamatsu.lg.jp/toshiseibi/documents/101minamihanaokanichoumekouenn.jpg,CC BY 4.0,下松市南花岡二丁目12,301, , ,,,https://logoform.jp/form/AcMw/kdmtparkreport
352071,,kdpark000102,上地第2公園,アゲジダイニコウエン,,街区公園,34.0399918,131.8682199,世界測地系,,https://www.city.kudamatsu.lg.jp/toshiseibi/documents/102agejidai2kouenn.jpg,CC BY 4.0,下松市大字末武上573番24,165, , ,,,https://logoform.jp/form/AcMw/kdmtparkreport
352071,,kdpark000103,平田東公園,ヒラタヒガシコウエン,,街区公園,34.0235474,131.8611087,世界測地系,,https://www.city.kudamatsu.lg.jp/toshiseibi/documents/103hiratahigasikouenn.jpg,CC BY 4.0,下松市美里町三丁目13,944, , ,,,https://logoform.jp/form/AcMw/kdmtparkreport
352071,,kdpark000104,切戸川公園,キリトガワコウエン,,近隣公園,34.0138966,131.8634571,世界測地系,,https://www.city.kudamatsu.lg.jp/toshiseibi/documents/104kiritogawakouenn.jpg,CC BY 4.0,"下松市西柳三丁目4,5",2220, , ,,,https://logoform.jp/form/AcMw/kdmtparkreport
352071,,kdpark000105,下松公園,クダマツコウエン,,近隣公園,34.0133393,131.8748276,世界測地系,,https://www.city.kudamatsu.lg.jp/toshiseibi/documents/105kudamatukouenn.jpg,CC BY 4.0,下松市大字西豊井457,43728,ブランコ・シーソー・すべり台,1,1,,https://logoform.jp/form/AcMw/kdmtparkreport
352071,,kdpark000106,瀧ノ口公園,タキノクチコウエン,,近隣公園,34.0331933,131.9099028,世界測地系,,https://www.city.kudamatsu.lg.jp/toshiseibi/documents/106takinogutikouenn.jpg,CC BY 4.0,下松市東陽六丁目5,36614,ブランコ・シーソー・すべり台・鉄棒,1,1,,https://logoform.jp/form/AcMw/kdmtparkreport
352071,,kdpark000107,平田川公園,ヒラタガワコウエン,,近隣公園,34.0174889,131.8565177,世界測地系,,https://www.city.kudamatsu.lg.jp/toshiseibi/documents/107hiratagawakouenn.jpg,CC BY 4.0,"下松市せせらぎ町二丁目7,11、せせらぎ町三丁目14,16",4083,,,,,https://logoform.jp/form/AcMw/kdmtparkreport
352071,,kdpark000108,下松スポーツ公園,クダマツスポーツコウエン,,運動公園,34.0252302,131.885967,世界測地系,,https://www.city.kudamatsu.lg.jp/toshiseibi/documents/108kudamatusupo-tukouenn.jpg,CC BY 4.0,下松市大字河内10140,198240,複合遊具2・ソリ滑り・ネットクライミング・ロープクライミング・健康遊具,1,1,,https://logoform.jp/form/AcMw/kdmtparkreport
352071,,kdpark000109,下松市海岸通り緑地（恋ヶ浜緑地）,クダマツシカイガンドオリリョクチ（コイガハマリョクチ）,,緩衝緑地,33.9928774,131.8791008,世界測地系,,https://www.city.kudamatsu.lg.jp/toshiseibi/documents/109koigahamaryokuti.jpg,CC BY 4.0,下松市大字東豊井551番1,50614,複合遊具2（児童用、幼児用）・乳幼児用遊具3・ブランコ・トランポリン・回転遊具・カームダウン遊具2・ミスト遊具,1,1,,https://logoform.jp/form/AcMw/kdmtparkreport
352071,,kdpark000110,久保緑地,クボリョクチ,,都市緑地,34.0345587,131.9116556,世界測地系,,https://www.city.kudamatsu.lg.jp/toshiseibi/documents/110kuboryokuti.jpg,CC BY 4.0,下松市東陽四丁目20,35090, ,1,,,https://logoform.jp/form/AcMw/kdmtparkreport
352071,,kdpark000111,葉山緑地,ハヤマリョクチ,,都市緑地,34.0224108,131.9127421,世界測地系,,https://www.city.kudamatsu.lg.jp/toshiseibi/documents/111hayamaryokuti.jpg,CC BY 4.0,下松市葉山一丁目819番34,32256, ,1,1,,https://logoform.jp/form/AcMw/kdmtparkreport
352071,,kdpark000112,ふくしの里親水池緑地,フクシノサトシンスイチリョクチ,,都市緑地,34.0338716,131.877447,世界測地系,,https://www.city.kudamatsu.lg.jp/toshiseibi/documents/112hukusinosatosinnsuitiryokuti.jpg,CC BY 4.0,下松市生野屋南一丁目1,9914, , ,,,https://logoform.jp/form/AcMw/kdmtparkreport
352071,,kdpark000113,笠戸瀬戸緑地,カサドセトリョクチ,,都市緑地,33.9873153,131.858457,世界測地系,,https://www.city.kudamatsu.lg.jp/toshiseibi/documents/113kasadosetoryokuti.jpg,CC BY 4.0,下松市大字笠戸島10048番1,866, ,,1,,https://logoform.jp/form/AcMw/kdmtparkreport
352071,,kdpark000114,青柳緑地,アオヤギリョクチ,,都市緑地,34.0046681,131.8712997,世界測地系,,https://www.city.kudamatsu.lg.jp/toshiseibi/documents/114aoyagiryokuti.jpg,CC BY 4.0,下松市青柳一丁目4,464, , ,,,https://logoform.jp/form/AcMw/kdmtparkreport
352071,,kdpark000115,チェリーパーク,チェリーパーク,,都市緑地,34.015689,131.8678623,世界測地系,,https://www.city.kudamatsu.lg.jp/toshiseibi/documents/115cheri-pa-ku.jpg,CC BY 4.0,下松市西柳一丁目1,1710, , ,,,https://logoform.jp/form/AcMw/kdmtparkreport
352071,,kdpark000116,朝日台緑地,アサヒダイリョクチ,,都市緑地,34.025388,131.8418276,世界測地系,,https://www.city.kudamatsu.lg.jp/toshiseibi/documents/116asahidairyokuti.jpg,CC BY 4.0,下松市大字末武中10040番17,325, , ,,,https://logoform.jp/form/AcMw/kdmtparkreport
352071,,kdpark000117,大城岬緑地,オオジョウミサキリョクチ,,都市緑地,33.9668205,131.8414874,世界測地系,,https://www.city.kudamatsu.lg.jp/toshiseibi/documents/117-1oojoumisakiryokuti.jpg,CC BY 4.0,下松市大字笠戸島10014番10,13000, ,,1,,https://logoform.jp/form/AcMw/kdmtparkreport
352071,,kdpark000118,天王森古墳公園,テンノウモリコフンコウエン,,街区公園,34.020462,131.8690081,世界測地系,,https://www.city.kudamatsu.lg.jp/toshiseibi/documents/118tennoumorikofunkouenn.jpg,CC BY 4.0,下松市桜町三丁目1834番5,3455,すべり台・鉄棒,,,,https://logoform.jp/form/AcMw/kdmtparkreport
,,,,,,,,,,,,,,,,,,,
