id_a,name_a,category_a,source_a,id_b,name_b,category_b,source_b,distance_m,coordinate_basis_a,coordinate_basis_b,rule,priority,status,reason,action
seamall,シーモール,mall,way/257074927,osm-node-2426673962,下関大丸,mall,node/2426673962,42.0,curated_geometry_bbox_center_for_screening_only,original_node,same_category_within_75m,normal,pending,名称が異なる近接記録。別施設・館内テナント・旧名の可能性があり、距離だけでは統合できない。,ID維持・未統合
sunlive-kudamatsu,サンリブ下松,mall,node/8704546617,osm-way-305489114,ABC Mart,mall,way/305489114,11.6,original_node,saved_representative_point,same_category_within_75m,high,pending,名称が異なる近接記録。別施設・館内テナント・旧名の可能性があり、距離だけでは統合できない。,ID維持・未統合
fuji-yamaguchi,フジグラン山口,mall,way/374499083,osm-node-4098812296,フジグラン山口,mall,node/4098812296,105.2,curated_geometry_bbox_center_for_screening_only,original_node,same_name_within_1000m,high,pending,名称と代表位置の近さだけでは同一施設と確定できない。敷地と建物の別登録、同名支店を確認する必要がある。,ID維持・未統合
osm-node-10275660943,セブンイレブン宇部島2丁目店,convenience,node/10275660943,osm-way-560979794,セブンイレブン,convenience,way/560979794,4.4,original_node,saved_representative_point,same_category_within_75m,high,pending,名称が異なる近接記録。別施設・館内テナント・旧名の可能性があり、距離だけでは統合できない。,ID維持・未統合
osm-node-10275726015,セブン-イレブン,convenience,node/10275726015,osm-way-1121040368,セブン-イレブン,convenience,way/1121040368,706.2,original_node,saved_representative_point,same_name_within_1000m,normal,pending,同名でも代表位置が150mを超えて離れている。支店名未登録・位置の誤り・同一敷地の別建物を区別できない。,ID維持・未統合
osm-node-10275726015,セブン-イレブン,convenience,node/10275726015,osm-way-560979798,セブン-イレブン,convenience,way/560979798,422.7,original_node,saved_representative_point,same_name_within_1000m,normal,pending,同名でも代表位置が150mを超えて離れている。支店名未登録・位置の誤り・同一敷地の別建物を区別できない。,ID維持・未統合
osm-node-10275726015,セブン-イレブン,convenience,node/10275726015,osm-way-560984476,セブン-イレブン,convenience,way/560984476,10.4,original_node,saved_representative_point,same_name_within_1000m,high,pending,名称と代表位置の近さだけでは同一施設と確定できない。敷地と建物の別登録、同名支店を確認する必要がある。,ID維持・未統合
osm-node-10275726015,セブン-イレブン,convenience,node/10275726015,osm-way-756496408,セブン-イレブン,convenience,way/756496408,980.8,original_node,saved_representative_point,same_name_within_1000m,normal,pending,同名でも代表位置が150mを超えて離れている。支店名未登録・位置の誤り・同一敷地の別建物を区別できない。,ID維持・未統合
osm-node-10915439394,セブン-イレブン,convenience,node/10915439394,osm-way-1243641826,セブン-イレブン,convenience,way/1243641826,425.0,original_node,saved_representative_point,same_name_within_1000m,normal,pending,同名でも代表位置が150mを超えて離れている。支店名未登録・位置の誤り・同一敷地の別建物を区別できない。,ID維持・未統合
osm-node-11389798235,ドラッグストアモリ 防府新田店,pharmacy,node/11389798235,osm-way-1228233757,ドラッグストアモリ 防府新田店 2023年12月23日OPEN,pharmacy,way/1228233757,2.5,original_node,saved_representative_point,same_category_within_75m,high,pending,名称が異なる近接記録。別施設・館内テナント・旧名の可能性があり、距離だけでは統合できない。,ID維持・未統合
osm-node-11420251609,セブン-イレブン,convenience,node/11420251609,osm-node-4826868298,セブン-イレブン,convenience,node/4826868298,893.8,original_node,original_node,same_name_within_1000m,normal,pending,同名でも代表位置が150mを超えて離れている。支店名未登録・位置の誤り・同一敷地の別建物を区別できない。,ID維持・未統合
osm-node-11420251609,セブン-イレブン,convenience,node/11420251609,osm-way-401695611,セブン-イレブン,convenience,way/401695611,310.1,original_node,saved_representative_point,same_name_within_1000m,normal,pending,同名でも代表位置が150mを超えて離れている。支店名未登録・位置の誤り・同一敷地の別建物を区別できない。,ID維持・未統合
osm-node-12376670726,おかもと内閣,clinic,node/12376670726,osm-node-3809385357,香田整形外科,clinic,node/3809385357,58.6,original_node,original_node,same_category_within_75m,normal,pending,名称が異なる近接記録。別施設・館内テナント・旧名の可能性があり、距離だけでは統合できない。,ID維持・未統合
osm-node-13019068190,ローソン,convenience,node/13019068190,osm-node-3799245557,ローソン,convenience,node/3799245557,779.9,original_node,original_node,same_name_within_1000m,normal,pending,同名でも代表位置が150mを超えて離れている。支店名未登録・位置の誤り・同一敷地の別建物を区別できない。,ID維持・未統合
osm-node-13144890065,セブン-イレブン,convenience,node/13144890065,osm-node-4107556704,セブン-イレブン,convenience,node/4107556704,932.6,original_node,original_node,same_name_within_1000m,normal,pending,同名でも代表位置が150mを超えて離れている。支店名未登録・位置の誤り・同一敷地の別建物を区別できない。,ID維持・未統合
osm-node-13144890065,セブン-イレブン,convenience,node/13144890065,osm-node-5456594526,セブン-イレブン,convenience,node/5456594526,917.4,original_node,original_node,same_name_within_1000m,normal,pending,同名でも代表位置が150mを超えて離れている。支店名未登録・位置の誤り・同一敷地の別建物を区別できない。,ID維持・未統合
osm-node-13154614554,セブン-イレブン,convenience,node/13154614554,osm-node-13154614555,セブン-イレブン,convenience,node/13154614555,126.3,original_node,original_node,same_name_within_1000m,high,pending,名称と代表位置の近さだけでは同一施設と確定できない。敷地と建物の別登録、同名支店を確認する必要がある。,ID維持・未統合
osm-node-13154614554,セブン-イレブン,convenience,node/13154614554,osm-node-13154614556,セブン-イレブン,convenience,node/13154614556,65.0,original_node,original_node,same_name_within_1000m,high,pending,名称と代表位置の近さだけでは同一施設と確定できない。敷地と建物の別登録、同名支店を確認する必要がある。,ID維持・未統合
osm-node-13154614554,セブン-イレブン,convenience,node/13154614554,osm-node-2252806318,セブン-イレブン,convenience,node/2252806318,214.5,original_node,original_node,same_name_within_1000m,normal,pending,同名でも代表位置が150mを超えて離れている。支店名未登録・位置の誤り・同一敷地の別建物を区別できない。,ID維持・未統合
osm-node-13154614554,セブン-イレブン,convenience,node/13154614554,osm-way-392705544,セブン-イレブン,convenience,way/392705544,469.2,original_node,saved_representative_point,same_name_within_1000m,normal,pending,同名でも代表位置が150mを超えて離れている。支店名未登録・位置の誤り・同一敷地の別建物を区別できない。,ID維持・未統合
osm-node-13154614555,セブン-イレブン,convenience,node/13154614555,osm-node-13154614556,セブン-イレブン,convenience,node/13154614556,123.4,original_node,original_node,same_name_within_1000m,high,pending,名称と代表位置の近さだけでは同一施設と確定できない。敷地と建物の別登録、同名支店を確認する必要がある。,ID維持・未統合
osm-node-13154614555,セブン-イレブン,convenience,node/13154614555,osm-node-2252806318,セブン-イレブン,convenience,node/2252806318,88.2,original_node,original_node,same_name_within_1000m,high,pending,名称と代表位置の近さだけでは同一施設と確定できない。敷地と建物の別登録、同名支店を確認する必要がある。,ID維持・未統合
osm-node-13154614555,セブン-イレブン,convenience,node/13154614555,osm-node-2303175278,セブン-イレブン,convenience,node/2303175278,935.8,original_node,original_node,same_name_within_1000m,normal,pending,同名でも代表位置が150mを超えて離れている。支店名未登録・位置の誤り・同一敷地の別建物を区別できない。,ID維持・未統合
osm-node-13154614555,セブン-イレブン,convenience,node/13154614555,osm-way-392705544,セブン-イレブン,convenience,way/392705544,515.3,original_node,saved_representative_point,same_name_within_1000m,normal,pending,同名でも代表位置が150mを超えて離れている。支店名未登録・位置の誤り・同一敷地の別建物を区別できない。,ID維持・未統合
osm-node-13154614556,セブン-イレブン,convenience,node/13154614556,osm-node-2252806318,セブン-イレブン,convenience,node/2252806318,203.0,original_node,original_node,same_name_within_1000m,normal,pending,同名でも代表位置が150mを超えて離れている。支店名未登録・位置の誤り・同一敷地の別建物を区別できない。,ID維持・未統合
osm-node-13154614556,セブン-イレブン,convenience,node/13154614556,osm-node-2303175278,セブン-イレブン,convenience,node/2303175278,970.6,original_node,original_node,same_name_within_1000m,normal,pending,同名でも代表位置が150mを超えて離れている。支店名未登録・位置の誤り・同一敷地の別建物を区別できない。,ID維持・未統合
osm-node-13154614556,セブン-イレブン,convenience,node/13154614556,osm-way-392705544,セブン-イレブン,convenience,way/392705544,415.5,original_node,saved_representative_point,same_name_within_1000m,normal,pending,同名でも代表位置が150mを超えて離れている。支店名未登録・位置の誤り・同一敷地の別建物を区別できない。,ID維持・未統合
osm-node-13651735831,Aコープ安下庄店,supermarket,node/13651735831,osm-way-1489391560,Aコープ安下庄店,supermarket,way/1489391560,2.2,original_node,saved_representative_point,same_name_within_1000m,high,pending,名称と代表位置の近さだけでは同一施設と確定できない。敷地と建物の別登録、同名支店を確認する必要がある。,ID維持・未統合
osm-node-13651893749,セブンイレブン山口大島橘店,convenience,node/13651893749,osm-way-1489414443,セブンイレブン山口大島橘店,convenience,way/1489414443,1.3,original_node,saved_representative_point,same_name_within_1000m,high,pending,名称と代表位置の近さだけでは同一施設と確定できない。敷地と建物の別登録、同名支店を確認する必要がある。,ID維持・未統合
osm-node-13651969772,中本ストアー,convenience,node/13651969772,osm-way-1489413022,中本ストアー,convenience,way/1489413022,0.5,original_node,saved_representative_point,same_name_within_1000m,high,pending,名称と代表位置の近さだけでは同一施設と確定できない。敷地と建物の別登録、同名支店を確認する必要がある。,ID維持・未統合
osm-node-1423654264,光輝会光輝病院,hospital,node/1423654264,osm-way-722384492,光輝会 光輝病院,hospital,way/722384492,62.7,original_node,saved_representative_point,same_name_within_1000m,high,pending,名称と代表位置の近さだけでは同一施設と確定できない。敷地と建物の別登録、同名支店を確認する必要がある。,ID維持・未統合
osm-node-1423654575,和同会宇部温泉病院,hospital,node/1423654575,osm-node-1423654578,和同会片倉病院,hospital,node/1423654578,0.0,original_node,original_node,same_category_within_75m,high,pending,名称が異なる近接記録。別施設・館内テナント・旧名の可能性があり、距離だけでは統合できない。,ID維持・未統合
osm-node-1423655821,山口県立中央病院,hospital,node/1423655821,osm-way-475283657,山口県立総合医療センター,hospital,way/475283657,12.1,original_node,saved_representative_point,same_category_within_75m,high,pending,名称が異なる近接記録。別施設・館内テナント・旧名の可能性があり、距離だけでは統合できない。,ID維持・未統合
osm-node-1423659775,済生会山口総合病院,hospital,node/1423659775,osm-way-474111005,済生会山口総合病院,hospital,way/474111005,13.8,original_node,saved_representative_point,same_name_within_1000m,high,pending,名称と代表位置の近さだけでは同一施設と確定できない。敷地と建物の別登録、同名支店を確認する必要がある。,ID維持・未統合
osm-node-2252806318,セブン-イレブン,convenience,node/2252806318,osm-node-2303175278,セブン-イレブン,convenience,node/2303175278,874.3,original_node,original_node,same_name_within_1000m,normal,pending,同名でも代表位置が150mを超えて離れている。支店名未登録・位置の誤り・同一敷地の別建物を区別できない。,ID維持・未統合
osm-node-2252806318,セブン-イレブン,convenience,node/2252806318,osm-way-392705544,セブン-イレブン,convenience,way/392705544,558.2,original_node,saved_representative_point,same_name_within_1000m,normal,pending,同名でも代表位置が150mを超えて離れている。支店名未登録・位置の誤り・同一敷地の別建物を区別できない。,ID維持・未統合
osm-node-2253194966,セブン-イレブン,convenience,node/2253194966,osm-node-2253197417,セブン-イレブン,convenience,node/2253197417,643.5,original_node,original_node,same_name_within_1000m,normal,pending,同名でも代表位置が150mを超えて離れている。支店名未登録・位置の誤り・同一敷地の別建物を区別できない。,ID維持・未統合
osm-node-2253194966,セブン-イレブン,convenience,node/2253194966,osm-way-1540363416,セブン-イレブン,convenience,way/1540363416,475.0,original_node,saved_representative_point,same_name_within_1000m,normal,pending,同名でも代表位置が150mを超えて離れている。支店名未登録・位置の誤り・同一敷地の別建物を区別できない。,ID維持・未統合
osm-node-2253194966,セブン-イレブン,convenience,node/2253194966,osm-way-316211441,セブン-イレブン,convenience,way/316211441,667.0,original_node,saved_representative_point,same_name_within_1000m,normal,pending,同名でも代表位置が150mを超えて離れている。支店名未登録・位置の誤り・同一敷地の別建物を区別できない。,ID維持・未統合
osm-node-2253194966,セブン-イレブン,convenience,node/2253194966,osm-way-405934628,セブン-イレブン,convenience,way/405934628,610.6,original_node,saved_representative_point,same_name_within_1000m,normal,pending,同名でも代表位置が150mを超えて離れている。支店名未登録・位置の誤り・同一敷地の別建物を区別できない。,ID維持・未統合
osm-node-2253197417,セブン-イレブン,convenience,node/2253197417,osm-way-215910952,セブンイレブン山口今井町店,convenience,way/215910952,1.3,original_node,saved_representative_point,same_category_within_75m,high,pending,名称が異なる近接記録。別施設・館内テナント・旧名の可能性があり、距離だけでは統合できない。,ID維持・未統合
osm-node-2253197417,セブン-イレブン,convenience,node/2253197417,osm-way-405934628,セブン-イレブン,convenience,way/405934628,727.1,original_node,saved_representative_point,same_name_within_1000m,normal,pending,同名でも代表位置が150mを超えて離れている。支店名未登録・位置の誤り・同一敷地の別建物を区別できない。,ID維持・未統合
osm-node-2253691125,コープやまぐち,supermarket,node/2253691125,osm-way-202793094,コープやまぐち,supermarket,way/202793094,6.8,original_node,saved_representative_point,same_name_within_1000m,high,pending,名称と代表位置の近さだけでは同一施設と確定できない。敷地と建物の別登録、同名支店を確認する必要がある。,ID維持・未統合
osm-node-2303175278,セブン-イレブン,convenience,node/2303175278,osm-way-392705544,セブン-イレブン,convenience,way/392705544,910.0,original_node,saved_representative_point,same_name_within_1000m,normal,pending,同名でも代表位置が150mを超えて離れている。支店名未登録・位置の誤り・同一敷地の別建物を区別できない。,ID維持・未統合
osm-node-2527628179,マルキュウ,supermarket,node/2527628179,osm-way-1069977638,山口銀行 丸久川西店,supermarket,way/1069977638,1.4,original_node,saved_representative_point,same_category_within_75m,high,pending,名称が異なる近接記録。別施設・館内テナント・旧名の可能性があり、距離だけでは統合できない。,ID維持・未統合
osm-node-3596474500,マックスバリュ,supermarket,node/3596474500,osm-node-4326408489,マックスバリュ,supermarket,node/4326408489,512.9,original_node,original_node,same_name_within_1000m,normal,pending,同名でも代表位置が150mを超えて離れている。支店名未登録・位置の誤り・同一敷地の別建物を区別できない。,ID維持・未統合
osm-node-3716209175,セブンイレブン,convenience,node/3716209175,osm-node-7329014485,セブンイレブン,convenience,node/7329014485,967.6,original_node,original_node,same_name_within_1000m,normal,pending,同名でも代表位置が150mを超えて離れている。支店名未登録・位置の誤り・同一敷地の別建物を区別できない。,ID維持・未統合
osm-node-3716209175,セブンイレブン,convenience,node/3716209175,osm-way-391864150,セブンイレブン,convenience,way/391864150,430.0,original_node,saved_representative_point,same_name_within_1000m,normal,pending,同名でも代表位置が150mを超えて離れている。支店名未登録・位置の誤り・同一敷地の別建物を区別できない。,ID維持・未統合
osm-node-3799039405,アルク,supermarket,node/3799039405,osm-way-327749958,Aruk,supermarket,way/327749958,5.6,original_node,saved_representative_point,same_category_within_75m,high,pending,名称が異なる近接記録。別施設・館内テナント・旧名の可能性があり、距離だけでは統合できない。,ID維持・未統合
osm-node-3799245557,ローソン,convenience,node/3799245557,osm-way-335847905,ローソン,convenience,way/335847905,366.5,original_node,saved_representative_point,same_name_within_1000m,normal,pending,同名でも代表位置が150mを超えて離れている。支店名未登録・位置の誤り・同一敷地の別建物を区別できない。,ID維持・未統合
osm-node-3812551757,広田眼科,clinic,node/3812551757,osm-way-311996791,広田皮膚科,clinic,way/311996791,44.8,original_node,saved_representative_point,same_category_within_75m,normal,pending,名称が異なる近接記録。別施設・館内テナント・旧名の可能性があり、距離だけでは統合できない。,ID維持・未統合
osm-node-3813311158,ファミリーマート,convenience,node/3813311158,osm-way-382245225,ファミリーマート,convenience,way/382245225,806.4,original_node,saved_representative_point,same_name_within_1000m,normal,pending,同名でも代表位置が150mを超えて離れている。支店名未登録・位置の誤り・同一敷地の別建物を区別できない。,ID維持・未統合
osm-node-3815583957,山下内科小児科,clinic,node/3815583957,osm-node-3815584060,早川整形外科,clinic,node/3815584060,59.8,original_node,original_node,same_category_within_75m,normal,pending,名称が異なる近接記録。別施設・館内テナント・旧名の可能性があり、距離だけでは統合できない。,ID維持・未統合
osm-node-3822041059,セブンイレブン,convenience,node/3822041059,osm-way-549554514,セブンイレブン,convenience,way/549554514,957.8,original_node,saved_representative_point,same_name_within_1000m,normal,pending,同名でも代表位置が150mを超えて離れている。支店名未登録・位置の誤り・同一敷地の別建物を区別できない。,ID維持・未統合
osm-node-3844405175,ローソン,convenience,node/3844405175,osm-way-163607849,ローソン,convenience,way/163607849,411.9,original_node,saved_representative_point,same_name_within_1000m,normal,pending,同名でも代表位置が150mを超えて離れている。支店名未登録・位置の誤り・同一敷地の別建物を区別できない。,ID維持・未統合
osm-node-3844415774,セブンイレブン,convenience,node/3844415774,osm-node-3846496960,セブンイレブン,convenience,node/3846496960,439.6,original_node,original_node,same_name_within_1000m,normal,pending,同名でも代表位置が150mを超えて離れている。支店名未登録・位置の誤り・同一敷地の別建物を区別できない。,ID維持・未統合
osm-node-3844415774,セブンイレブン,convenience,node/3844415774,osm-node-6014468885,セブンイレブン,convenience,node/6014468885,836.4,original_node,original_node,same_name_within_1000m,normal,pending,同名でも代表位置が150mを超えて離れている。支店名未登録・位置の誤り・同一敷地の別建物を区別できない。,ID維持・未統合
osm-node-3844415774,セブンイレブン,convenience,node/3844415774,osm-way-312146297,セブンイレブン,convenience,way/312146297,599.8,original_node,saved_representative_point,same_name_within_1000m,normal,pending,同名でも代表位置が150mを超えて離れている。支店名未登録・位置の誤り・同一敷地の別建物を区別できない。,ID維持・未統合
osm-node-3846496960,セブンイレブン,convenience,node/3846496960,osm-node-6014468885,セブンイレブン,convenience,node/6014468885,527.9,original_node,original_node,same_name_within_1000m,normal,pending,同名でも代表位置が150mを超えて離れている。支店名未登録・位置の誤り・同一敷地の別建物を区別できない。,ID維持・未統合
osm-node-3846496960,セブンイレブン,convenience,node/3846496960,osm-way-312146297,セブンイレブン,convenience,way/312146297,601.0,original_node,saved_representative_point,same_name_within_1000m,normal,pending,同名でも代表位置が150mを超えて離れている。支店名未登録・位置の誤り・同一敷地の別建物を区別できない。,ID維持・未統合
osm-node-3846496960,セブンイレブン,convenience,node/3846496960,osm-way-314789355,セブンイレブン,convenience,way/314789355,887.2,original_node,saved_representative_point,same_name_within_1000m,normal,pending,同名でも代表位置が150mを超えて離れている。支店名未登録・位置の誤り・同一敷地の別建物を区別できない。,ID維持・未統合
osm-node-3846496960,セブンイレブン,convenience,node/3846496960,osm-way-338243027,セブンイレブン,convenience,way/338243027,813.5,original_node,saved_representative_point,same_name_within_1000m,normal,pending,同名でも代表位置が150mを超えて離れている。支店名未登録・位置の誤り・同一敷地の別建物を区別できない。,ID維持・未統合
osm-node-3889811357,セブンイレブン,convenience,node/3889811357,osm-node-3890162059,セブンイレブン,convenience,node/3890162059,948.5,original_node,original_node,same_name_within_1000m,normal,pending,同名でも代表位置が150mを超えて離れている。支店名未登録・位置の誤り・同一敷地の別建物を区別できない。,ID維持・未統合
osm-node-3889811357,セブンイレブン,convenience,node/3889811357,osm-way-314369319,セブンイレブン,convenience,way/314369319,996.8,original_node,saved_representative_point,same_name_within_1000m,normal,pending,同名でも代表位置が150mを超えて離れている。支店名未登録・位置の誤り・同一敷地の別建物を区別できない。,ID維持・未統合
osm-node-3890041761,ハートデンタル,clinic,node/3890041761,osm-node-3890044459,宮里クリニック,clinic,node/3890044459,65.1,original_node,original_node,same_category_within_75m,normal,pending,名称が異なる近接記録。別施設・館内テナント・旧名の可能性があり、距離だけでは統合できない。,ID維持・未統合
osm-node-3890162059,セブンイレブン,convenience,node/3890162059,osm-way-314369319,セブンイレブン,convenience,way/314369319,310.6,original_node,saved_representative_point,same_name_within_1000m,normal,pending,同名でも代表位置が150mを超えて離れている。支店名未登録・位置の誤り・同一敷地の別建物を区別できない。,ID維持・未統合
osm-node-3890162130,ローソン,convenience,node/3890162130,osm-node-3908813968,ローソン,convenience,node/3908813968,337.3,original_node,original_node,same_name_within_1000m,normal,pending,同名でも代表位置が150mを超えて離れている。支店名未登録・位置の誤り・同一敷地の別建物を区別できない。,ID維持・未統合
osm-node-3890213959,ファミリーマート,convenience,node/3890213959,osm-way-314358539,ファミリーマート,convenience,way/314358539,613.8,original_node,saved_representative_point,same_name_within_1000m,normal,pending,同名でも代表位置が150mを超えて離れている。支店名未登録・位置の誤り・同一敷地の別建物を区別できない。,ID維持・未統合
osm-node-3890213959,ファミリーマート,convenience,node/3890213959,osm-way-381165992,ファミリーマート,convenience,way/381165992,905.7,original_node,saved_representative_point,same_name_within_1000m,normal,pending,同名でも代表位置が150mを超えて離れている。支店名未登録・位置の誤り・同一敷地の別建物を区別できない。,ID維持・未統合
osm-node-3913901858,ファミリーマート,convenience,node/3913901858,osm-node-3926469160,ファミリーマート,convenience,node/3926469160,285.1,original_node,original_node,same_name_within_1000m,normal,pending,同名でも代表位置が150mを超えて離れている。支店名未登録・位置の誤り・同一敷地の別建物を区別できない。,ID維持・未統合
osm-node-3913971173,セブンイレブン,convenience,node/3913971173,osm-node-3925382594,セブンイレブン,convenience,node/3925382594,562.2,original_node,original_node,same_name_within_1000m,normal,pending,同名でも代表位置が150mを超えて離れている。支店名未登録・位置の誤り・同一敷地の別建物を区別できない。,ID維持・未統合
osm-node-3925382594,セブンイレブン,convenience,node/3925382594,osm-way-363127829,セブンイレブン,convenience,way/363127829,799.0,original_node,saved_representative_point,same_name_within_1000m,normal,pending,同名でも代表位置が150mを超えて離れている。支店名未登録・位置の誤り・同一敷地の別建物を区別できない。,ID維持・未統合
osm-node-3925382594,セブンイレブン,convenience,node/3925382594,osm-way-363844088,セブンイレブン,convenience,way/363844088,598.1,original_node,saved_representative_point,same_name_within_1000m,normal,pending,同名でも代表位置が150mを超えて離れている。支店名未登録・位置の誤り・同一敷地の別建物を区別できない。,ID維持・未統合
osm-node-3928694064,セブンイレブン,convenience,node/3928694064,osm-node-3929831557,セブンイレブン,convenience,node/3929831557,990.9,original_node,original_node,same_name_within_1000m,normal,pending,同名でも代表位置が150mを超えて離れている。支店名未登録・位置の誤り・同一敷地の別建物を区別できない。,ID維持・未統合
osm-node-3928694064,セブンイレブン,convenience,node/3928694064,osm-way-363844088,セブンイレブン,convenience,way/363844088,835.8,original_node,saved_representative_point,same_name_within_1000m,normal,pending,同名でも代表位置が150mを超えて離れている。支店名未登録・位置の誤り・同一敷地の別建物を区別できない。,ID維持・未統合
osm-node-3936977750,セブンイレブン,convenience,node/3936977750,osm-node-4002020489,セブンイレブン,convenience,node/4002020489,694.4,original_node,original_node,same_name_within_1000m,normal,pending,同名でも代表位置が150mを超えて離れている。支店名未登録・位置の誤り・同一敷地の別建物を区別できない。,ID維持・未統合
osm-node-3936977750,セブンイレブン,convenience,node/3936977750,osm-way-369542670,セブンイレブン,convenience,way/369542670,978.5,original_node,saved_representative_point,same_name_within_1000m,normal,pending,同名でも代表位置が150mを超えて離れている。支店名未登録・位置の誤り・同一敷地の別建物を区別できない。,ID維持・未統合
osm-node-3951221857,マックスバリュ,supermarket,node/3951221857,osm-node-3951221858,イオン柳井新庄SC,supermarket,node/3951221858,65.2,original_node,original_node,same_category_within_75m,normal,pending,名称が異なる近接記録。別施設・館内テナント・旧名の可能性があり、距離だけでは統合できない。,ID維持・未統合
osm-node-3951273760,ファミリーマート,convenience,node/3951273760,osm-way-391864150,セブンイレブン,convenience,way/391864150,68.7,original_node,saved_representative_point,same_category_within_75m,normal,pending,名称が異なる近接記録。別施設・館内テナント・旧名の可能性があり、距離だけでは統合できない。,ID維持・未統合
osm-node-3985385679,セブンイレブン,convenience,node/3985385679,osm-node-4002020489,セブンイレブン,convenience,node/4002020489,841.7,original_node,original_node,same_name_within_1000m,normal,pending,同名でも代表位置が150mを超えて離れている。支店名未登録・位置の誤り・同一敷地の別建物を区別できない。,ID維持・未統合
osm-node-3985872375,ローソン,convenience,node/3985872375,osm-node-4311258189,ローソン,convenience,node/4311258189,737.9,original_node,original_node,same_name_within_1000m,normal,pending,同名でも代表位置が150mを超えて離れている。支店名未登録・位置の誤り・同一敷地の別建物を区別できない。,ID維持・未統合
osm-node-3987165058,岡藤内科,clinic,node/3987165058,osm-node-3987166157,小林耳鼻咽喉科,clinic,node/3987166157,71.3,original_node,original_node,same_category_within_75m,normal,pending,名称が異なる近接記録。別施設・館内テナント・旧名の可能性があり、距離だけでは統合できない。,ID維持・未統合
osm-node-3987270457,マルエス,supermarket,node/3987270457,osm-way-371667244,マルエス,supermarket,way/371667244,892.3,original_node,saved_representative_point,same_name_within_1000m,normal,pending,同名でも代表位置が150mを超えて離れている。支店名未登録・位置の誤り・同一敷地の別建物を区別できない。,ID維持・未統合
osm-node-3987888378,梶原眼科,clinic,node/3987888378,osm-node-3987921290,しげおか医院,clinic,node/3987921290,72.6,original_node,original_node,same_category_within_75m,normal,pending,名称が異なる近接記録。別施設・館内テナント・旧名の可能性があり、距離だけでは統合できない。,ID維持・未統合
osm-node-4001921801,ファミリーマート,convenience,node/4001921801,osm-way-369685157,ファミリーマート,convenience,way/369685157,508.3,original_node,saved_representative_point,same_name_within_1000m,normal,pending,同名でも代表位置が150mを超えて離れている。支店名未登録・位置の誤り・同一敷地の別建物を区別できない。,ID維持・未統合
osm-node-4001921801,ファミリーマート,convenience,node/4001921801,osm-way-390551816,ファミリーマート,convenience,way/390551816,557.3,original_node,saved_representative_point,same_name_within_1000m,normal,pending,同名でも代表位置が150mを超えて離れている。支店名未登録・位置の誤り・同一敷地の別建物を区別できない。,ID維持・未統合
osm-node-4021833491,マックスバリュ,supermarket,node/4021833491,osm-node-4021864894,イオン下松山田SC,supermarket,node/4021864894,63.8,original_node,original_node,same_category_within_75m,normal,pending,名称が異なる近接記録。別施設・館内テナント・旧名の可能性があり、距離だけでは統合できない。,ID維持・未統合
osm-node-4041096304,しみず医院,clinic,node/4041096304,osm-way-401697682,手山産婦人科,clinic,way/401697682,42.8,original_node,saved_representative_point,same_category_within_75m,normal,pending,名称が異なる近接記録。別施設・館内テナント・旧名の可能性があり、距離だけでは統合できない。,ID維持・未統合
osm-node-4041110344,ザ・ビッグ,supermarket,node/4041110344,osm-way-357029138,ザ・ビッグ,supermarket,way/357029138,952.6,original_node,saved_representative_point,same_name_within_1000m,normal,pending,同名でも代表位置が150mを超えて離れている。支店名未登録・位置の誤り・同一敷地の別建物を区別できない。,ID維持・未統合
osm-node-4098795892,ファミリーマート,convenience,node/4098795892,osm-way-407846298,ファミリーマート山口泉都町店,convenience,way/407846298,16.2,original_node,saved_representative_point,same_category_within_75m,high,pending,名称が異なる近接記録。別施設・館内テナント・旧名の可能性があり、距離だけでは統合できない。,ID維持・未統合
osm-node-4098795892,ファミリーマート,convenience,node/4098795892,osm-way-842044096,ファミリーマート,convenience,way/842044096,702.2,original_node,saved_representative_point,same_name_within_1000m,normal,pending,同名でも代表位置が150mを超えて離れている。支店名未登録・位置の誤り・同一敷地の別建物を区別できない。,ID維持・未統合
osm-node-4107556704,セブン-イレブン,convenience,node/4107556704,osm-node-5456594526,セブン-イレブン,convenience,node/5456594526,32.9,original_node,original_node,same_name_within_1000m,high,pending,名称と代表位置の近さだけでは同一施設と確定できない。敷地と建物の別登録、同名支店を確認する必要がある。,ID維持・未統合
osm-node-4107556704,セブン-イレブン,convenience,node/4107556704,osm-way-352906170,セブン-イレブン,convenience,way/352906170,223.7,original_node,saved_representative_point,same_name_within_1000m,normal,pending,同名でも代表位置が150mを超えて離れている。支店名未登録・位置の誤り・同一敷地の別建物を区別できない。,ID維持・未統合
osm-node-4315692495,セブンイレブン,convenience,node/4315692495,osm-way-315713904,セブンイレブン,convenience,way/315713904,54.3,original_node,saved_representative_point,same_name_within_1000m,high,pending,名称と代表位置の近さだけでは同一施設と確定できない。敷地と建物の別登録、同名支店を確認する必要がある。,ID維持・未統合
osm-node-4326392992,しみず医院,clinic,node/4326392992,osm-node-4326408491,高橋眼科,clinic,node/4326408491,74.4,original_node,original_node,same_category_within_75m,normal,pending,名称が異なる近接記録。別施設・館内テナント・旧名の可能性があり、距離だけでは統合できない。,ID維持・未統合
osm-node-4326403489,ファミリーマート,convenience,node/4326403489,osm-node-4326414389,ファミリーマート,convenience,node/4326414389,543.5,original_node,original_node,same_name_within_1000m,normal,pending,同名でも代表位置が150mを超えて離れている。支店名未登録・位置の誤り・同一敷地の別建物を区別できない。,ID維持・未統合
osm-node-4354767908,コスモス,drugstore,node/4354767908,osm-node-4466387201,コスモス,pharmacy,node/4466387201,16.1,original_node,original_node,same_name_within_1000m,high,pending,名称と代表位置の近さだけでは同一施設と確定できない。敷地と建物の別登録、同名支店を確認する必要がある。,ID維持・未統合
osm-node-4354827193,田中眼科,clinic,node/4354827193,osm-node-4354929289,ひかり皮フ科,clinic,node/4354929289,62.7,original_node,original_node,same_category_within_75m,normal,pending,名称が異なる近接記録。別施設・館内テナント・旧名の可能性があり、距離だけでは統合できない。,ID維持・未統合
osm-node-4354827193,田中眼科,clinic,node/4354827193,osm-node-4466386290,五嶋内科クリニック,clinic,node/4466386290,73.3,original_node,original_node,same_category_within_75m,normal,pending,名称が異なる近接記録。別施設・館内テナント・旧名の可能性があり、距離だけでは統合できない。,ID維持・未統合
osm-node-4355083195,アルク,supermarket,node/4355083195,osm-node-4355096689,Best,supermarket,node/4355096689,51.0,original_node,original_node,same_category_within_75m,normal,pending,名称が異なる近接記録。別施設・館内テナント・旧名の可能性があり、距離だけでは統合できない。,ID維持・未統合
osm-node-4407663993,セブンイレブン,convenience,node/4407663993,osm-node-4466343604,セブンイレブン,convenience,node/4466343604,930.3,original_node,original_node,same_name_within_1000m,normal,pending,同名でも代表位置が150mを超えて離れている。支店名未登録・位置の誤り・同一敷地の別建物を区別できない。,ID維持・未統合
osm-node-4445151294,セブンイレブン,convenience,node/4445151294,osm-node-5336882589,セブンイレブン,convenience,node/5336882589,676.1,original_node,original_node,same_name_within_1000m,normal,pending,同名でも代表位置が150mを超えて離れている。支店名未登録・位置の誤り・同一敷地の別建物を区別できない。,ID維持・未統合
osm-node-4514601788,セブンイレブン,convenience,node/4514601788,osm-node-4823246364,セブンイレブン,convenience,node/4823246364,988.8,original_node,original_node,same_name_within_1000m,normal,pending,同名でも代表位置が150mを超えて離れている。支店名未登録・位置の誤り・同一敷地の別建物を区別できない。,ID維持・未統合
osm-node-4605758989,ファミリーマート,convenience,node/4605758989,osm-node-4607181745,ファミリーマート,convenience,node/4607181745,948.0,original_node,original_node,same_name_within_1000m,normal,pending,同名でも代表位置が150mを超えて離れている。支店名未登録・位置の誤り・同一敷地の別建物を区別できない。,ID維持・未統合
osm-node-4622724795,ヤマザキショップ,convenience,node/4622724795,osm-way-1121030699,JA山口県JA​長門​大津​俵山 Yショップ俵山店,convenience,way/1121030699,43.9,original_node,saved_representative_point,same_category_within_75m,normal,pending,名称が異なる近接記録。別施設・館内テナント・旧名の可能性があり、距離だけでは統合できない。,ID維持・未統合
osm-node-4623459001,青葉こどもクリニック,clinic,node/4623459001,osm-node-4623459002,新下関耳鼻クリニック,clinic,node/4623459002,18.8,original_node,original_node,same_category_within_75m,high,pending,名称が異なる近接記録。別施設・館内テナント・旧名の可能性があり、距離だけでは統合できない。,ID維持・未統合
osm-node-4623459001,青葉こどもクリニック,clinic,node/4623459001,osm-node-4623459003,井町婦人科,clinic,node/4623459003,55.8,original_node,original_node,same_category_within_75m,normal,pending,名称が異なる近接記録。別施設・館内テナント・旧名の可能性があり、距離だけでは統合できない。,ID維持・未統合
osm-node-4623459002,新下関耳鼻クリニック,clinic,node/4623459002,osm-node-4623459003,井町婦人科,clinic,node/4623459003,74.5,original_node,original_node,same_category_within_75m,normal,pending,名称が異なる近接記録。別施設・館内テナント・旧名の可能性があり、距離だけでは統合できない。,ID維持・未統合
osm-node-4623471429,ローソン,convenience,node/4623471429,osm-node-4623485325,ローソン,convenience,node/4623485325,789.8,original_node,original_node,same_name_within_1000m,normal,pending,同名でも代表位置が150mを超えて離れている。支店名未登録・位置の誤り・同一敷地の別建物を区別できない。,ID維持・未統合
osm-node-4629000067,セブン-イレブン,convenience,node/4629000067,osm-node-4629022506,セブン-イレブン,convenience,node/4629022506,484.5,original_node,original_node,same_name_within_1000m,normal,pending,同名でも代表位置が150mを超えて離れている。支店名未登録・位置の誤り・同一敷地の別建物を区別できない。,ID維持・未統合
osm-node-4629000067,セブン-イレブン,convenience,node/4629000067,osm-node-4634601654,セブン-イレブン,convenience,node/4634601654,751.9,original_node,original_node,same_name_within_1000m,normal,pending,同名でも代表位置が150mを超えて離れている。支店名未登録・位置の誤り・同一敷地の別建物を区別できない。,ID維持・未統合
osm-node-4629022506,セブン-イレブン,convenience,node/4629022506,osm-node-4634601654,セブン-イレブン,convenience,node/4634601654,705.1,original_node,original_node,same_name_within_1000m,normal,pending,同名でも代表位置が150mを超えて離れている。支店名未登録・位置の誤り・同一敷地の別建物を区別できない。,ID維持・未統合
osm-node-4634596659,筒井整形外科,clinic,node/4634596659,osm-node-4634596661,いけだ内科,clinic,node/4634596661,26.8,original_node,original_node,same_category_within_75m,normal,pending,名称が異なる近接記録。別施設・館内テナント・旧名の可能性があり、距離だけでは統合できない。,ID維持・未統合
osm-node-4812744815,セブン-イレブン,convenience,node/4812744815,osm-node-827126224,セブン-イレブン,convenience,node/827126224,822.8,original_node,original_node,same_name_within_1000m,normal,pending,同名でも代表位置が150mを超えて離れている。支店名未登録・位置の誤り・同一敷地の別建物を区別できない。,ID維持・未統合
osm-node-4814879241,たなべ内科,clinic,node/4814879241,osm-node-4814879243,長井整形外科,clinic,node/4814879243,33.4,original_node,original_node,same_category_within_75m,normal,pending,名称が異なる近接記録。別施設・館内テナント・旧名の可能性があり、距離だけでは統合できない。,ID維持・未統合
osm-node-4818155054,マックスバリュ,supermarket,node/4818155054,osm-way-351442237,マックスバリュ,supermarket,way/351442237,728.2,original_node,saved_representative_point,same_name_within_1000m,normal,pending,同名でも代表位置が150mを超えて離れている。支店名未登録・位置の誤り・同一敷地の別建物を区別できない。,ID維持・未統合
osm-node-4820293999,ファミリーマート,convenience,node/4820293999,osm-node-4864225363,ファミリーマート,convenience,node/4864225363,923.8,original_node,original_node,same_name_within_1000m,normal,pending,同名でも代表位置が150mを超えて離れている。支店名未登録・位置の誤り・同一敷地の別建物を区別できない。,ID維持・未統合
osm-node-4820335896,セブンイレブン,convenience,node/4820335896,osm-node-4820354062,セブンイレブン,convenience,node/4820354062,430.7,original_node,original_node,same_name_within_1000m,normal,pending,同名でも代表位置が150mを超えて離れている。支店名未登録・位置の誤り・同一敷地の別建物を区別できない。,ID維持・未統合
osm-node-4820335896,セブンイレブン,convenience,node/4820335896,osm-node-4881580439,セブンイレブン,convenience,node/4881580439,974.8,original_node,original_node,same_name_within_1000m,normal,pending,同名でも代表位置が150mを超えて離れている。支店名未登録・位置の誤り・同一敷地の別建物を区別できない。,ID維持・未統合
osm-node-4820335896,セブンイレブン,convenience,node/4820335896,osm-node-5003068016,セブンイレブン,convenience,node/5003068016,910.5,original_node,original_node,same_name_within_1000m,normal,pending,同名でも代表位置が150mを超えて離れている。支店名未登録・位置の誤り・同一敷地の別建物を区別できない。,ID維持・未統合
osm-node-4820354062,セブンイレブン,convenience,node/4820354062,osm-node-5003068016,セブンイレブン,convenience,node/5003068016,844.5,original_node,original_node,same_name_within_1000m,normal,pending,同名でも代表位置が150mを超えて離れている。支店名未登録・位置の誤り・同一敷地の別建物を区別できない。,ID維持・未統合
osm-node-4825327464,ファミリーマート,convenience,node/4825327464,osm-node-4864225362,ファミリーマート,convenience,node/4864225362,587.4,original_node,original_node,same_name_within_1000m,normal,pending,同名でも代表位置が150mを超えて離れている。支店名未登録・位置の誤り・同一敷地の別建物を区別できない。,ID維持・未統合
osm-node-4825327464,ファミリーマート,convenience,node/4825327464,osm-node-4864225363,ファミリーマート,convenience,node/4864225363,915.4,original_node,original_node,same_name_within_1000m,normal,pending,同名でも代表位置が150mを超えて離れている。支店名未登録・位置の誤り・同一敷地の別建物を区別できない。,ID維持・未統合
osm-node-4826868298,セブン-イレブン,convenience,node/4826868298,osm-way-401695611,セブン-イレブン,convenience,way/401695611,923.1,original_node,saved_representative_point,same_name_within_1000m,normal,pending,同名でも代表位置が150mを超えて離れている。支店名未登録・位置の誤り・同一敷地の別建物を区別できない。,ID維持・未統合
osm-node-4864137486,原医院,clinic,node/4864137486,osm-node-4864138322,古屋敷医院,clinic,node/4864138322,35.3,original_node,original_node,same_category_within_75m,normal,pending,名称が異なる近接記録。別施設・館内テナント・旧名の可能性があり、距離だけでは統合できない。,ID維持・未統合
osm-node-4864205029,ながみつクリニック,clinic,node/4864205029,osm-node-4864205030,澤内科消化器科,clinic,node/4864205030,35.1,original_node,original_node,same_category_within_75m,normal,pending,名称が異なる近接記録。別施設・館内テナント・旧名の可能性があり、距離だけでは統合できない。,ID維持・未統合
osm-node-4864212746,セブンイレブン,convenience,node/4864212746,osm-node-4990095795,セブンイレブン,convenience,node/4990095795,731.2,original_node,original_node,same_name_within_1000m,normal,pending,同名でも代表位置が150mを超えて離れている。支店名未登録・位置の誤り・同一敷地の別建物を区別できない。,ID維持・未統合
osm-node-4864225362,ファミリーマート,convenience,node/4864225362,osm-node-4864225363,ファミリーマート,convenience,node/4864225363,328.0,original_node,original_node,same_name_within_1000m,normal,pending,同名でも代表位置が150mを超えて離れている。支店名未登録・位置の誤り・同一敷地の別建物を区別できない。,ID維持・未統合
osm-node-4864225363,ファミリーマート,convenience,node/4864225363,osm-node-4941732256,ファミリーマート,convenience,node/4941732256,906.3,original_node,original_node,same_name_within_1000m,normal,pending,同名でも代表位置が150mを超えて離れている。支店名未登録・位置の誤り・同一敷地の別建物を区別できない。,ID維持・未統合
osm-node-4886834754,セブンイレブン,convenience,node/4886834754,osm-node-4886882646,セブンイレブン,convenience,node/4886882646,678.3,original_node,original_node,same_name_within_1000m,normal,pending,同名でも代表位置が150mを超えて離れている。支店名未登録・位置の誤り・同一敷地の別建物を区別できない。,ID維持・未統合
osm-node-4894697972,セブン-イレブン,convenience,node/4894697972,osm-way-483838363,セブン-イレブン,convenience,way/483838363,779.5,original_node,saved_representative_point,same_name_within_1000m,normal,pending,同名でも代表位置が150mを超えて離れている。支店名未登録・位置の誤り・同一敷地の別建物を区別できない。,ID維持・未統合
osm-node-4990095795,セブンイレブン,convenience,node/4990095795,osm-node-5454433650,セブンイレブン,convenience,node/5454433650,862.6,original_node,original_node,same_name_within_1000m,normal,pending,同名でも代表位置が150mを超えて離れている。支店名未登録・位置の誤り・同一敷地の別建物を区別できない。,ID維持・未統合
osm-node-5003068016,セブンイレブン,convenience,node/5003068016,osm-node-5454433650,セブンイレブン,convenience,node/5454433650,301.9,original_node,original_node,same_name_within_1000m,normal,pending,同名でも代表位置が150mを超えて離れている。支店名未登録・位置の誤り・同一敷地の別建物を区別できない。,ID維持・未統合
osm-node-5050356350,セブン-イレブン,convenience,node/5050356350,osm-way-672454065,セブン-イレブン,convenience,way/672454065,33.8,original_node,saved_representative_point,same_name_within_1000m,high,pending,名称と代表位置の近さだけでは同一施設と確定できない。敷地と建物の別登録、同名支店を確認する必要がある。,ID維持・未統合
osm-node-5148212453,セブン-イレブン,convenience,node/5148212453,osm-way-404858858,セブン-イレブン,convenience,way/404858858,955.4,original_node,saved_representative_point,same_name_within_1000m,normal,pending,同名でも代表位置が150mを超えて離れている。支店名未登録・位置の誤り・同一敷地の別建物を区別できない。,ID維持・未統合
osm-node-5336400779,セブンイレブン,convenience,node/5336400779,osm-node-5336410896,セブンイレブン,convenience,node/5336410896,230.3,original_node,original_node,same_name_within_1000m,normal,pending,同名でも代表位置が150mを超えて離れている。支店名未登録・位置の誤り・同一敷地の別建物を区別できない。,ID維持・未統合
osm-node-5344701143,フジ,supermarket,node/5344701143,osm-way-378114877,フジ 西宇部店,supermarket,way/378114877,27.0,original_node,saved_representative_point,same_category_within_75m,normal,pending,名称が異なる近接記録。別施設・館内テナント・旧名の可能性があり、距離だけでは統合できない。,ID維持・未統合
osm-node-5411899937,ファミリーマート,convenience,node/5411899937,osm-node-5412395602,ファミリーマート,convenience,node/5412395602,790.7,original_node,original_node,same_name_within_1000m,normal,pending,同名でも代表位置が150mを超えて離れている。支店名未登録・位置の誤り・同一敷地の別建物を区別できない。,ID維持・未統合
osm-node-5456594526,セブン-イレブン,convenience,node/5456594526,osm-way-352906170,セブン-イレブン,convenience,way/352906170,246.8,original_node,saved_representative_point,same_name_within_1000m,normal,pending,同名でも代表位置が150mを超えて離れている。支店名未登録・位置の誤り・同一敷地の別建物を区別できない。,ID維持・未統合
osm-node-5463868168,ディスカウントドラッグ コスモス,mall,node/5463868168,osm-node-5482411383,ディスカウントドラッグコスモス,drugstore,node/5482411383,15.6,original_node,original_node,same_name_within_1000m,high,pending,名称と代表位置の近さだけでは同一施設と確定できない。敷地と建物の別登録、同名支店を確認する必要がある。,ID維持・未統合
osm-node-6014468885,セブンイレブン,convenience,node/6014468885,osm-way-312146297,セブンイレブン,convenience,way/312146297,490.5,original_node,saved_representative_point,same_name_within_1000m,normal,pending,同名でも代表位置が150mを超えて離れている。支店名未登録・位置の誤り・同一敷地の別建物を区別できない。,ID維持・未統合
osm-node-6014468885,セブンイレブン,convenience,node/6014468885,osm-way-314789355,セブンイレブン,convenience,way/314789355,760.3,original_node,saved_representative_point,same_name_within_1000m,normal,pending,同名でも代表位置が150mを超えて離れている。支店名未登録・位置の誤り・同一敷地の別建物を区別できない。,ID維持・未統合
osm-node-6014468885,セブンイレブン,convenience,node/6014468885,osm-way-338243027,セブンイレブン,convenience,way/338243027,998.2,original_node,saved_representative_point,same_name_within_1000m,normal,pending,同名でも代表位置が150mを超えて離れている。支店名未登録・位置の誤り・同一敷地の別建物を区別できない。,ID維持・未統合
osm-node-6168362552,イオン,mall,node/6168362552,osm-way-297142744,イオンモール,mall,way/297142744,33.3,original_node,saved_representative_point,same_category_within_75m,normal,pending,名称が異なる近接記録。別施設・館内テナント・旧名の可能性があり、距離だけでは統合できない。,ID維持・未統合
osm-node-6194948420,セブン-イレブン 岩国旭町店,convenience,node/6194948420,osm-way-661710556,セブン-イレブン 岩国旭町店,convenience,way/661710556,404.6,original_node,saved_representative_point,same_name_within_1000m,normal,pending,同名でも代表位置が150mを超えて離れている。支店名未登録・位置の誤り・同一敷地の別建物を区別できない。,ID維持・未統合
osm-node-6194948420,セブン-イレブン 岩国旭町店,convenience,node/6194948420,osm-way-661710569,セブン-イレブン 岩国旭町店,convenience,way/661710569,332.5,original_node,saved_representative_point,same_name_within_1000m,normal,pending,同名でも代表位置が150mを超えて離れている。支店名未登録・位置の誤り・同一敷地の別建物を区別できない。,ID維持・未統合
osm-node-6194948464,セブン-イレブン 岩国旭町店,convenience,node/6194948464,osm-way-661710574,セブン-イレブン 岩国旭町店,convenience,way/661710574,118.6,original_node,saved_representative_point,same_name_within_1000m,high,pending,名称と代表位置の近さだけでは同一施設と確定できない。敷地と建物の別登録、同名支店を確認する必要がある。,ID維持・未統合
osm-node-6207423482,ローソン,convenience,node/6207423482,osm-way-663128840,ローソン,convenience,way/663128840,229.8,original_node,saved_representative_point,same_name_within_1000m,normal,pending,同名でも代表位置が150mを超えて離れている。支店名未登録・位置の誤り・同一敷地の別建物を区別できない。,ID維持・未統合
osm-node-9077221319,セブンイレブン,convenience,node/9077221319,osm-way-309383557,セブンイレブン,convenience,way/309383557,317.8,original_node,saved_representative_point,same_name_within_1000m,normal,pending,同名でも代表位置が150mを超えて離れている。支店名未登録・位置の誤り・同一敷地の別建物を区別できない。,ID維持・未統合
osm-node-9235014219,セブンイレブン,convenience,node/9235014219,osm-way-315258112,セブンイレブン,convenience,way/315258112,918.1,original_node,saved_representative_point,same_name_within_1000m,normal,pending,同名でも代表位置が150mを超えて離れている。支店名未登録・位置の誤り・同一敷地の別建物を区別できない。,ID維持・未統合
osm-node-9472242519,ウォンツ 宇部亀浦店,drugstore,node/9472242519,osm-way-1027461546,ウォンツ 宇部亀浦店,drugstore,way/1027461546,3.8,original_node,saved_representative_point,same_name_within_1000m,high,pending,名称と代表位置の近さだけでは同一施設と確定できない。敷地と建物の別登録、同名支店を確認する必要がある。,ID維持・未統合
osm-node-9472329366,ウェスタまるき 西割店,supermarket,node/9472329366,osm-way-477971690,まるき,supermarket,way/477971690,9.6,original_node,saved_representative_point,same_category_within_75m,high,pending,名称が異なる近接記録。別施設・館内テナント・旧名の可能性があり、距離だけでは統合できない。,ID維持・未統合
osm-way-1005110398,セブン-イレブン,convenience,way/1005110398,osm-way-483838363,セブン-イレブン,convenience,way/483838363,394.1,saved_representative_point,saved_representative_point,same_name_within_1000m,normal,pending,同名でも代表位置が150mを超えて離れている。支店名未登録・位置の誤り・同一敷地の別建物を区別できない。,ID維持・未統合
osm-way-1120637407,ファミリーマート,convenience,way/1120637407,osm-way-862156891,ファミリーマート,convenience,way/862156891,634.2,saved_representative_point,saved_representative_point,same_name_within_1000m,normal,pending,同名でも代表位置が150mを超えて離れている。支店名未登録・位置の誤り・同一敷地の別建物を区別できない。,ID維持・未統合
osm-way-1121040368,セブン-イレブン,convenience,way/1121040368,osm-way-560979798,セブン-イレブン,convenience,way/560979798,487.8,saved_representative_point,saved_representative_point,same_name_within_1000m,normal,pending,同名でも代表位置が150mを超えて離れている。支店名未登録・位置の誤り・同一敷地の別建物を区別できない。,ID維持・未統合
osm-way-1121040368,セブン-イレブン,convenience,way/1121040368,osm-way-560984476,セブン-イレブン,convenience,way/560984476,716.4,saved_representative_point,saved_representative_point,same_name_within_1000m,normal,pending,同名でも代表位置が150mを超えて離れている。支店名未登録・位置の誤り・同一敷地の別建物を区別できない。,ID維持・未統合
osm-way-1338403043,セブン-イレブン,convenience,way/1338403043,osm-way-405934628,セブン-イレブン,convenience,way/405934628,516.6,saved_representative_point,saved_representative_point,same_name_within_1000m,normal,pending,同名でも代表位置が150mを超えて離れている。支店名未登録・位置の誤り・同一敷地の別建物を区別できない。,ID維持・未統合
osm-way-1338403053,コスモス,drugstore,way/1338403053,osm-way-880501227,コスモス,drugstore,way/880501227,672.7,saved_representative_point,saved_representative_point,same_name_within_1000m,normal,pending,同名でも代表位置が150mを超えて離れている。支店名未登録・位置の誤り・同一敷地の別建物を区別できない。,ID維持・未統合
osm-way-1540363416,セブン-イレブン,convenience,way/1540363416,osm-way-316211441,セブン-イレブン,convenience,way/316211441,746.8,saved_representative_point,saved_representative_point,same_name_within_1000m,normal,pending,同名でも代表位置が150mを超えて離れている。支店名未登録・位置の誤り・同一敷地の別建物を区別できない。,ID維持・未統合
osm-way-1540363416,セブン-イレブン,convenience,way/1540363416,osm-way-405934628,セブン-イレブン,convenience,way/405934628,886.9,saved_representative_point,saved_representative_point,same_name_within_1000m,normal,pending,同名でも代表位置が150mを超えて離れている。支店名未登録・位置の誤り・同一敷地の別建物を区別できない。,ID維持・未統合
osm-way-207839148,ファミリーマート,convenience,way/207839148,osm-way-842044096,ファミリーマート,convenience,way/842044096,985.6,saved_representative_point,saved_representative_point,same_name_within_1000m,normal,pending,同名でも代表位置が150mを超えて離れている。支店名未登録・位置の誤り・同一敷地の別建物を区別できない。,ID維持・未統合
osm-way-313906376,ファミリーマート,convenience,way/313906376,osm-way-381165992,ファミリーマート,convenience,way/381165992,565.5,saved_representative_point,saved_representative_point,same_name_within_1000m,normal,pending,同名でも代表位置が150mを超えて離れている。支店名未登録・位置の誤り・同一敷地の別建物を区別できない。,ID維持・未統合
osm-way-313908909,アルク,supermarket,way/313908909,osm-way-314791993,アルク,supermarket,way/314791993,982.5,saved_representative_point,saved_representative_point,same_name_within_1000m,normal,pending,同名でも代表位置が150mを超えて離れている。支店名未登録・位置の誤り・同一敷地の別建物を区別できない。,ID維持・未統合
osm-way-314205803,セブンイレブン,convenience,way/314205803,osm-way-364445789,セブンイレブン,convenience,way/364445789,571.9,saved_representative_point,saved_representative_point,same_name_within_1000m,normal,pending,同名でも代表位置が150mを超えて離れている。支店名未登録・位置の誤り・同一敷地の別建物を区別できない。,ID維持・未統合
osm-way-314358539,ファミリーマート,convenience,way/314358539,osm-way-381165992,ファミリーマート,convenience,way/381165992,770.2,saved_representative_point,saved_representative_point,same_name_within_1000m,normal,pending,同名でも代表位置が150mを超えて離れている。支店名未登録・位置の誤り・同一敷地の別建物を区別できない。,ID維持・未統合
osm-way-314669388,ローソン,convenience,way/314669388,osm-way-336321851,ローソン,convenience,way/336321851,783.6,saved_representative_point,saved_representative_point,same_name_within_1000m,normal,pending,同名でも代表位置が150mを超えて離れている。支店名未登録・位置の誤り・同一敷地の別建物を区別できない。,ID維持・未統合
osm-way-314789355,セブンイレブン,convenience,way/314789355,osm-way-338243027,セブンイレブン,convenience,way/338243027,517.8,saved_representative_point,saved_representative_point,same_name_within_1000m,normal,pending,同名でも代表位置が150mを超えて離れている。支店名未登録・位置の誤り・同一敷地の別建物を区別できない。,ID維持・未統合
osm-way-316211441,セブン-イレブン,convenience,way/316211441,osm-way-404858858,セブン-イレブン,convenience,way/404858858,526.6,saved_representative_point,saved_representative_point,same_name_within_1000m,normal,pending,同名でも代表位置が150mを超えて離れている。支店名未登録・位置の誤り・同一敷地の別建物を区別できない。,ID維持・未統合
osm-way-328492845,アルク,supermarket,way/328492845,osm-way-92831078,アルク,supermarket,way/92831078,660.1,saved_representative_point,saved_representative_point,same_name_within_1000m,normal,pending,同名でも代表位置が150mを超えて離れている。支店名未登録・位置の誤り・同一敷地の別建物を区別できない。,ID維持・未統合
osm-way-328496342,千治松内科,clinic,way/328496342,osm-way-328497286,明石整形外科,clinic,way/328497286,28.0,saved_representative_point,saved_representative_point,same_category_within_75m,normal,pending,名称が異なる近接記録。別施設・館内テナント・旧名の可能性があり、距離だけでは統合できない。,ID維持・未統合
osm-way-336582998,新南陽整形外科,clinic,way/336582998,osm-way-375085357,上田内科小児科,clinic,way/375085357,67.7,saved_representative_point,saved_representative_point,same_category_within_75m,normal,pending,名称が異なる近接記録。別施設・館内テナント・旧名の可能性があり、距離だけでは統合できない。,ID維持・未統合
osm-way-341675062,セブン-イレブン,convenience,way/341675062,osm-way-365430191,セブン-イレブン,convenience,way/365430191,794.8,saved_representative_point,saved_representative_point,same_name_within_1000m,normal,pending,同名でも代表位置が150mを超えて離れている。支店名未登録・位置の誤り・同一敷地の別建物を区別できない。,ID維持・未統合
osm-way-363127829,セブンイレブン,convenience,way/363127829,osm-way-363844088,セブンイレブン,convenience,way/363844088,981.9,saved_representative_point,saved_representative_point,same_name_within_1000m,normal,pending,同名でも代表位置が150mを超えて離れている。支店名未登録・位置の誤り・同一敷地の別建物を区別できない。,ID維持・未統合
osm-way-363844088,セブンイレブン,convenience,way/363844088,osm-way-364445789,セブンイレブン,convenience,way/364445789,779.5,saved_representative_point,saved_representative_point,same_name_within_1000m,normal,pending,同名でも代表位置が150mを超えて離れている。支店名未登録・位置の誤り・同一敷地の別建物を区別できない。,ID維持・未統合
osm-way-369461955,セブンイレブン,convenience,way/369461955,osm-way-369542670,セブンイレブン,convenience,way/369542670,503.8,saved_representative_point,saved_representative_point,same_name_within_1000m,normal,pending,同名でも代表位置が150mを超えて離れている。支店名未登録・位置の誤り・同一敷地の別建物を区別できない。,ID維持・未統合
osm-way-376175645,セブン-イレブン,convenience,way/376175645,osm-way-552712570,セブン-イレブン,convenience,way/552712570,726.6,saved_representative_point,saved_representative_point,same_name_within_1000m,normal,pending,同名でも代表位置が150mを超えて離れている。支店名未登録・位置の誤り・同一敷地の別建物を区別できない。,ID維持・未統合
osm-way-376923076,ファミリーマート,convenience,way/376923076,osm-way-382245225,ファミリーマート,convenience,way/382245225,689.1,saved_representative_point,saved_representative_point,same_name_within_1000m,normal,pending,同名でも代表位置が150mを超えて離れている。支店名未登録・位置の誤り・同一敷地の別建物を区別できない。,ID維持・未統合
osm-way-378467855,まつばら薬局,pharmacy,way/378467855,osm-way-549537614,佐村薬局,pharmacy,way/549537614,42.1,saved_representative_point,saved_representative_point,same_category_within_75m,normal,pending,名称が異なる近接記録。別施設・館内テナント・旧名の可能性があり、距離だけでは統合できない。,ID維持・未統合
osm-way-378567939,荒川耳鼻咽喉科,clinic,way/378567939,osm-way-549103339,岡本医院,clinic,way/549103339,69.7,saved_representative_point,saved_representative_point,same_category_within_75m,normal,pending,名称が異なる近接記録。別施設・館内テナント・旧名の可能性があり、距離だけでは統合できない。,ID維持・未統合
osm-way-378567984,ローソン,convenience,way/378567984,osm-way-549534088,ローソン,convenience,way/549534088,329.6,saved_representative_point,saved_representative_point,same_name_within_1000m,normal,pending,同名でも代表位置が150mを超えて離れている。支店名未登録・位置の誤り・同一敷地の別建物を区別できない。,ID維持・未統合
osm-way-405835932,セブン-イレブン,convenience,way/405835932,osm-way-405835933,セブン-イレブン,convenience,way/405835933,571.1,saved_representative_point,saved_representative_point,same_name_within_1000m,normal,pending,同名でも代表位置が150mを超えて離れている。支店名未登録・位置の誤り・同一敷地の別建物を区別できない。,ID維持・未統合
osm-way-444114318,木村医院,clinic,way/444114318,osm-way-444114321,岡本医院,clinic,way/444114321,29.7,saved_representative_point,saved_representative_point,same_category_within_75m,normal,pending,名称が異なる近接記録。別施設・館内テナント・旧名の可能性があり、距離だけでは統合できない。,ID維持・未統合
osm-way-450577272,小野田赤十字病院,hospital,way/450577272,osm-way-450577273,小野田赤十字病院,hospital,way/450577273,107.9,saved_representative_point,saved_representative_point,same_name_within_1000m,high,pending,名称と代表位置の近さだけでは同一施設と確定できない。敷地と建物の別登録、同名支店を確認する必要がある。,ID維持・未統合
osm-way-549154587,ディスカウントドラッグコスモス,drugstore,way/549154587,osm-way-549154604,ディスカウントドラッグコスモス,drugstore,way/549154604,584.6,saved_representative_point,saved_representative_point,same_name_within_1000m,normal,pending,同名でも代表位置が150mを超えて離れている。支店名未登録・位置の誤り・同一敷地の別建物を区別できない。,ID維持・未統合
osm-way-549154606,江本内科,clinic,way/549154606,osm-way-549154607,江本智子ウィメンズクリニック,clinic,way/549154607,20.8,saved_representative_point,saved_representative_point,same_category_within_75m,normal,pending,名称が異なる近接記録。別施設・館内テナント・旧名の可能性があり、距離だけでは統合できない。,ID維持・未統合
osm-way-549554510,いそべ整形外科,clinic,way/549554510,osm-way-549554511,今村皮膚科形成外科医院,clinic,way/549554511,20.9,saved_representative_point,saved_representative_point,same_category_within_75m,normal,pending,名称が異なる近接記録。別施設・館内テナント・旧名の可能性があり、距離だけでは統合できない。,ID維持・未統合
osm-way-551528863,ニコニコ耳鼻科,clinic,way/551528863,osm-way-551528864,野瀬内科小児科,clinic,way/551528864,28.1,saved_representative_point,saved_representative_point,same_category_within_75m,normal,pending,名称が異なる近接記録。別施設・館内テナント・旧名の可能性があり、距離だけでは統合できない。,ID維持・未統合
osm-way-553055014,永田消化器内科クリニック,clinic,way/553055014,osm-way-553055015,田中小児科医院,clinic,way/553055015,51.0,saved_representative_point,saved_representative_point,same_category_within_75m,normal,pending,名称が異なる近接記録。別施設・館内テナント・旧名の可能性があり、距離だけでは統合できない。,ID維持・未統合
osm-way-555622794,徳久内科医院,clinic,way/555622794,osm-way-555622803,寺西眼科,clinic,way/555622803,69.1,saved_representative_point,saved_representative_point,same_category_within_75m,normal,pending,名称が異なる近接記録。別施設・館内テナント・旧名の可能性があり、距離だけでは統合できない。,ID維持・未統合
osm-way-560979798,セブン-イレブン,convenience,way/560979798,osm-way-560984476,セブン-イレブン,convenience,way/560984476,431.6,saved_representative_point,saved_representative_point,same_name_within_1000m,normal,pending,同名でも代表位置が150mを超えて離れている。支店名未登録・位置の誤り・同一敷地の別建物を区別できない。,ID維持・未統合
osm-way-560979798,セブン-イレブン,convenience,way/560979798,osm-way-562673295,セブン-イレブン,convenience,way/562673295,965.3,saved_representative_point,saved_representative_point,same_name_within_1000m,normal,pending,同名でも代表位置が150mを超えて離れている。支店名未登録・位置の誤り・同一敷地の別建物を区別できない。,ID維持・未統合
osm-way-560984476,セブン-イレブン,convenience,way/560984476,osm-way-756496408,セブン-イレブン,convenience,way/756496408,970.6,saved_representative_point,saved_representative_point,same_name_within_1000m,normal,pending,同名でも代表位置が150mを超えて離れている。支店名未登録・位置の誤り・同一敷地の別建物を区別できない。,ID維持・未統合
osm-way-661710556,セブン-イレブン 岩国旭町店,convenience,way/661710556,osm-way-661710569,セブン-イレブン 岩国旭町店,convenience,way/661710569,736.4,saved_representative_point,saved_representative_point,same_name_within_1000m,normal,pending,同名でも代表位置が150mを超えて離れている。支店名未登録・位置の誤り・同一敷地の別建物を区別できない。,ID維持・未統合
osm-way-696532777,セブン-イレブン,convenience,way/696532777,osm-way-696533713,セブン-イレブン,convenience,way/696533713,953.2,saved_representative_point,saved_representative_point,same_name_within_1000m,normal,pending,同名でも代表位置が150mを超えて離れている。支店名未登録・位置の誤り・同一敷地の別建物を区別できない。,ID維持・未統合
osm-way-922754902,のむら大腸肛門クリニック,clinic,way/922754902,osm-way-922754903,おぎの歯科,clinic,way/922754903,19.0,saved_representative_point,saved_representative_point,same_category_within_75m,high,pending,名称が異なる近接記録。別施設・館内テナント・旧名の可能性があり、距離だけでは統合できない。,ID維持・未統合
